_id,ปี,เขตสุขภาพ,จังหวัด,จำนวน
1,2567,เขตสุขภาพที่ 13,กรุงเทพมหานคร,41766
2,2567,เขตสุขภาพที่ 1,เชียงราย,3142
3,2567,เขตสุขภาพที่ 1,เชียงใหม่,6851
4,2567,เขตสุขภาพที่ 1,น่าน,1425
5,2567,เขตสุขภาพที่ 1,พะเยา,1329
6,2567,เขตสุขภาพที่ 1,แพร่,1185
7,2567,เขตสุขภาพที่ 1,แม่ฮ่องสอน,573
8,2567,เขตสุขภาพที่ 1,ลำปาง,2110
9,2567,เขตสุขภาพที่ 1,ลำพูน,1066
10,2567,เขตสุขภาพที่ 2,ตาก,1514
11,2567,เขตสุขภาพที่ 2,พิษณุโลก,2934
12,2567,เขตสุขภาพที่ 2,เพชรบูรณ์,1742
13,2567,เขตสุขภาพที่ 2,สุโขทัย,1121
14,2567,เขตสุขภาพที่ 2,อุตรดิตถ์,1337
15,2567,เขตสุขภาพที่ 3,กำแพงเพชร,1320
16,2567,เขตสุขภาพที่ 3,ชัยนาท,801
17,2567,เขตสุขภาพที่ 3,นครสวรรค์,2501
18,2567,เขตสุขภาพที่ 3,พิจิตร,1075
19,2567,เขตสุขภาพที่ 3,อุทัยธานี,755
20,2567,เขตสุขภาพที่ 4,นครนายก,1086
21,2567,เขตสุขภาพที่ 4,นนทบุรี,3321
22,2567,เขตสุขภาพที่ 4,ปทุมธานี,3817
23,2567,เขตสุขภาพที่ 4,พระนครศรีอยุธยา,2012
24,2567,เขตสุขภาพที่ 4,ลพบุรี,1713
25,2567,เขตสุขภาพที่ 4,สระบุรี,1868
26,2567,เขตสุขภาพที่ 4,สิงห์บุรี,703
27,2567,เขตสุขภาพที่ 4,อ่างทอง,712
28,2567,เขตสุขภาพที่ 5,กาญจนบุรี,1883
29,2567,เขตสุขภาพที่ 5,นครปฐม,2657
30,2567,เขตสุขภาพที่ 5,ประจวบคีรีขันธ์,1161
31,2567,เขตสุขภาพที่ 5,เพชรบุรี,1155
32,2567,เขตสุขภาพที่ 5,ราชบุรี,2307
33,2567,เขตสุขภาพที่ 5,สมุทรสงคราม,482
34,2567,เขตสุขภาพที่ 5,สมุทรสาคร,2165
35,2567,เขตสุขภาพที่ 5,สุพรรณบุรี,2053
36,2567,เขตสุขภาพที่ 6,จันทบุรี,2018
37,2567,เขตสุขภาพที่ 6,ฉะเชิงเทรา,1818
38,2567,เขตสุขภาพที่ 6,ชลบุรี,6663
39,2567,เขตสุขภาพที่ 6,ตราด,735
40,2567,เขตสุขภาพที่ 6,ปราจีนบุรี,1143
41,2567,เขตสุขภาพที่ 6,ระยอง,2254
42,2567,เขตสุขภาพที่ 6,สมุทรปราการ,3195
43,2567,เขตสุขภาพที่ 6,สระแก้ว,1230
44,2567,เขตสุขภาพที่ 7,กาฬสินธุ์,1975
45,2567,เขตสุขภาพที่ 7,ขอนแก่น,6860
46,2567,เขตสุขภาพที่ 7,มหาสารคาม,2048
47,2567,เขตสุขภาพที่ 7,ร้อยเอ็ด,2580
48,2567,เขตสุขภาพที่ 8,นครพนม,1324
49,2567,เขตสุขภาพที่ 8,บึงกาฬ,730
50,2567,เขตสุขภาพที่ 8,เลย,1488
51,2567,เขตสุขภาพที่ 8,สกลนคร,2472
52,2567,เขตสุขภาพที่ 8,หนองคาย,1109
53,2567,เขตสุขภาพที่ 8,หนองบัวลำภู,744
54,2567,เขตสุขภาพที่ 8,อุดรธานี,3519
55,2567,เขตสุขภาพที่ 9,ชัยภูมิ,2004
56,2567,เขตสุขภาพที่ 9,นครราชสีมา,6898
57,2567,เขตสุขภาพที่ 9,บุรีรัมย์,3140
58,2567,เขตสุขภาพที่ 9,สุรินทร์,2709
59,2567,เขตสุขภาพที่ 10,มุกดาหาร,834
60,2567,เขตสุขภาพที่ 10,ยโสธร,1059
61,2567,เขตสุขภาพที่ 10,ศรีสะเกษ,2696
62,2567,เขตสุขภาพที่ 10,อำนาจเจริญ,705
63,2567,เขตสุขภาพที่ 10,อุบลราชธานี,4927
64,2567,เขตสุขภาพที่ 11,กระบี่,1081
65,2567,เขตสุขภาพที่ 11,ชุมพร,1331
66,2567,เขตสุขภาพที่ 11,นครศรีธรรมราช,3386
67,2567,เขตสุขภาพที่ 11,พังงา,772
68,2567,เขตสุขภาพที่ 11,ภูเก็ต,1709
69,2567,เขตสุขภาพที่ 11,ระนอง,512
70,2567,เขตสุขภาพที่ 11,สุราษฎร์ธานี,3393
71,2567,เขตสุขภาพที่ 12,ตรัง,1818
72,2567,เขตสุขภาพที่ 12,นราธิวาส,1812
73,2567,เขตสุขภาพที่ 12,ปัตตานี,1844
74,2567,เขตสุขภาพที่ 12,พัทลุง,1250
75,2567,เขตสุขภาพที่ 12,ยะลา,1610
76,2567,เขตสุขภาพที่ 12,สงขลา,4936
77,2567,เขตสุขภาพที่ 12,สตูล,808
78,2566,เขตสุขภาพที่ 13,กรุงเทพมหานคร,40206
79,2566,เขตสุขภาพที่ 1,เชียงราย,2988
80,2566,เขตสุขภาพที่ 1,เชียงใหม่,7023
81,2566,เขตสุขภาพที่ 1,น่าน,1354
82,2566,เขตสุขภาพที่ 1,พะเยา,1222
83,2566,เขตสุขภาพที่ 1,แพร่,1150
84,2566,เขตสุขภาพที่ 1,แม่ฮ่องสอน,571
85,2566,เขตสุขภาพที่ 1,ลำปาง,2041
86,2566,เขตสุขภาพที่ 1,ลำพูน,1036
87,2566,เขตสุขภาพที่ 2,ตาก,1449
88,2566,เขตสุขภาพที่ 2,พิษณุโลก,2854
89,2566,เขตสุขภาพที่ 2,เพชรบูรณ์,1791
90,2566,เขตสุขภาพที่ 2,สุโขทัย,1103
91,2566,เขตสุขภาพที่ 2,อุตรดิตถ์,1352
92,2566,เขตสุขภาพที่ 3,กำแพงเพชร,1259
93,2566,เขตสุขภาพที่ 3,ชัยนาท,780
94,2566,เขตสุขภาพที่ 3,นครสวรรค์,2539
95,2566,เขตสุขภาพที่ 3,พิจิตร,1102
96,2566,เขตสุขภาพที่ 3,อุทัยธานี,763
97,2566,เขตสุขภาพที่ 4,นครนายก,1093
98,2566,เขตสุขภาพที่ 4,นนทบุรี,3314
99,2566,เขตสุขภาพที่ 4,ปทุมธานี,3538
100,2566,เขตสุขภาพที่ 4,พระนครศรีอยุธยา,1990
101,2566,เขตสุขภาพที่ 4,ลพบุรี,1705
102,2566,เขตสุขภาพที่ 4,สระบุรี,1893
103,2566,เขตสุขภาพที่ 4,สิงห์บุรี,703
104,2566,เขตสุขภาพที่ 4,อ่างทอง,707
105,2566,เขตสุขภาพที่ 5,กาญจนบุรี,1828
106,2566,เขตสุขภาพที่ 5,นครปฐม,2601
107,2566,เขตสุขภาพที่ 5,ประจวบคีรีขันธ์,1135
108,2566,เขตสุขภาพที่ 5,เพชรบุรี,1162
109,2566,เขตสุขภาพที่ 5,ราชบุรี,2333
110,2566,เขตสุขภาพที่ 5,สมุทรสงคราม,485
111,2566,เขตสุขภาพที่ 5,สมุทรสาคร,2101
112,2566,เขตสุขภาพที่ 5,สุพรรณบุรี,2019
113,2566,เขตสุขภาพที่ 6,จันทบุรี,1952
114,2566,เขตสุขภาพที่ 6,ฉะเชิงเทรา,1768
115,2566,เขตสุขภาพที่ 6,ชลบุรี,6510
116,2566,เขตสุขภาพที่ 6,ตราด,697
117,2566,เขตสุขภาพที่ 6,ปราจีนบุรี,1121
118,2566,เขตสุขภาพที่ 6,ระยอง,2180
119,2566,เขตสุขภาพที่ 6,สมุทรปราการ,3280
120,2566,เขตสุขภาพที่ 6,สระแก้ว,1167
121,2566,เขตสุขภาพที่ 7,กาฬสินธุ์,1962
122,2566,เขตสุขภาพที่ 7,ขอนแก่น,6663
123,2566,เขตสุขภาพที่ 7,มหาสารคาม,1897
124,2566,เขตสุขภาพที่ 7,ร้อยเอ็ด,2508
125,2566,เขตสุขภาพที่ 8,นครพนม,1314
126,2566,เขตสุขภาพที่ 8,บึงกาฬ,708
127,2566,เขตสุขภาพที่ 8,เลย,1452
128,2566,เขตสุขภาพที่ 8,สกลนคร,2507
129,2566,เขตสุขภาพที่ 8,หนองคาย,1106
130,2566,เขตสุขภาพที่ 8,หนองบัวลำภู,740
131,2566,เขตสุขภาพที่ 8,อุดรธานี,3503
132,2566,เขตสุขภาพที่ 9,ชัยภูมิ,2016
133,2566,เขตสุขภาพที่ 9,นครราชสีมา,6610
134,2566,เขตสุขภาพที่ 9,บุรีรัมย์,3101
135,2566,เขตสุขภาพที่ 9,สุรินทร์,2657
136,2566,เขตสุขภาพที่ 10,มุกดาหาร,822
137,2566,เขตสุขภาพที่ 10,ยโสธร,1059
138,2566,เขตสุขภาพที่ 10,ศรีสะเกษ,2673
139,2566,เขตสุขภาพที่ 10,อำนาจเจริญ,711
140,2566,เขตสุขภาพที่ 10,อุบลราชธานี,4677
141,2566,เขตสุขภาพที่ 11,กระบี่,1047
142,2566,เขตสุขภาพที่ 11,ชุมพร,1275
143,2566,เขตสุขภาพที่ 11,นครศรีธรรมราช,3305
144,2566,เขตสุขภาพที่ 11,พังงา,766
145,2566,เขตสุขภาพที่ 11,ภูเก็ต,1616
146,2566,เขตสุขภาพที่ 11,ระนอง,536
147,2566,เขตสุขภาพที่ 11,สุราษฎร์ธานี,3388
148,2566,เขตสุขภาพที่ 12,ตรัง,1774
149,2566,เขตสุขภาพที่ 12,นราธิวาส,2002
150,2566,เขตสุขภาพที่ 12,ปัตตานี,1850
151,2566,เขตสุขภาพที่ 12,พัทลุง,1222
152,2566,เขตสุขภาพที่ 12,ยะลา,1620
153,2566,เขตสุขภาพที่ 12,สงขลา,4938
154,2566,เขตสุขภาพที่ 12,สตูล,795
155,2565,เขตสุขภาพที่ 13,กรุงเทพมหานคร,37846
156,2565,เขตสุขภาพที่ 1,เชียงราย,2987
157,2565,เขตสุขภาพที่ 1,เชียงใหม่,6950
158,2565,เขตสุขภาพที่ 1,น่าน,1319
159,2565,เขตสุขภาพที่ 1,พะเยา,1224
160,2565,เขตสุขภาพที่ 1,แพร่,1114
161,2565,เขตสุขภาพที่ 1,แม่ฮ่องสอน,561
162,2565,เขตสุขภาพที่ 1,ลำปาง,2095
163,2565,เขตสุขภาพที่ 1,ลำพูน,1033
164,2565,เขตสุขภาพที่ 2,ตาก,1400
165,2565,เขตสุขภาพที่ 2,พิษณุโลก,2830
166,2565,เขตสุขภาพที่ 2,เพชรบูรณ์,1704
167,2565,เขตสุขภาพที่ 2,สุโขทัย,1100
168,2565,เขตสุขภาพที่ 2,อุตรดิตถ์,1330
169,2565,เขตสุขภาพที่ 3,กำแพงเพชร,1241
170,2565,เขตสุขภาพที่ 3,ชัยนาท,781
171,2565,เขตสุขภาพที่ 3,นครสวรรค์,2399
172,2565,เขตสุขภาพที่ 3,พิจิตร,1050
173,2565,เขตสุขภาพที่ 3,อุทัยธานี,768
174,2565,เขตสุขภาพที่ 4,นครนายก,1063
175,2565,เขตสุขภาพที่ 4,นนทบุรี,3320
176,2565,เขตสุขภาพที่ 4,ปทุมธานี,3360
177,2565,เขตสุขภาพที่ 4,พระนครศรีอยุธยา,1985
178,2565,เขตสุขภาพที่ 4,ลพบุรี,1689
179,2565,เขตสุขภาพที่ 4,สระบุรี,1933
180,2565,เขตสุขภาพที่ 4,สิงห์บุรี,707
181,2565,เขตสุขภาพที่ 4,อ่างทอง,709
182,2565,เขตสุขภาพที่ 5,กาญจนบุรี,1788
183,2565,เขตสุขภาพที่ 5,นครปฐม,2396
184,2565,เขตสุขภาพที่ 5,ประจวบคีรีขันธ์,1134
185,2565,เขตสุขภาพที่ 5,เพชรบุรี,1185
186,2565,เขตสุขภาพที่ 5,ราชบุรี,2424
187,2565,เขตสุขภาพที่ 5,สมุทรสงคราม,500
188,2565,เขตสุขภาพที่ 5,สมุทรสาคร,2091
189,2565,เขตสุขภาพที่ 5,สุพรรณบุรี,1981
190,2565,เขตสุขภาพที่ 6,จันทบุรี,1922
191,2565,เขตสุขภาพที่ 6,ฉะเชิงเทรา,1731
192,2565,เขตสุขภาพที่ 6,ชลบุรี,6691
193,2565,เขตสุขภาพที่ 6,ตราด,697
194,2565,เขตสุขภาพที่ 6,ปราจีนบุรี,1119
195,2565,เขตสุขภาพที่ 6,ระยอง,2023
196,2565,เขตสุขภาพที่ 6,สมุทรปราการ,3271
197,2565,เขตสุขภาพที่ 6,สระแก้ว,1127
198,2565,เขตสุขภาพที่ 7,กาฬสินธุ์,1908
199,2565,เขตสุขภาพที่ 7,ขอนแก่น,6599
200,2565,เขตสุขภาพที่ 7,มหาสารคาม,1944
201,2565,เขตสุขภาพที่ 7,ร้อยเอ็ด,2403
202,2565,เขตสุขภาพที่ 8,นครพนม,1323
203,2565,เขตสุขภาพที่ 8,บึงกาฬ,692
204,2565,เขตสุขภาพที่ 8,เลย,1400
205,2565,เขตสุขภาพที่ 8,สกลนคร,2423
206,2565,เขตสุขภาพที่ 8,หนองคาย,1081
207,2565,เขตสุขภาพที่ 8,หนองบัวลำภู,714
208,2565,เขตสุขภาพที่ 8,อุดรธานี,3454
209,2565,เขตสุขภาพที่ 9,ชัยภูมิ,1975
210,2565,เขตสุขภาพที่ 9,นครราชสีมา,6669
211,2565,เขตสุขภาพที่ 9,บุรีรัมย์,3078
212,2565,เขตสุขภาพที่ 9,สุรินทร์,2591
213,2565,เขตสุขภาพที่ 10,มุกดาหาร,803
214,2565,เขตสุขภาพที่ 10,ยโสธร,1022
215,2565,เขตสุขภาพที่ 10,ศรีสะเกษ,2557
216,2565,เขตสุขภาพที่ 10,อำนาจเจริญ,683
217,2565,เขตสุขภาพที่ 10,อุบลราชธานี,4628
218,2565,เขตสุขภาพที่ 11,กระบี่,1048
219,2565,เขตสุขภาพที่ 11,ชุมพร,1252
220,2565,เขตสุขภาพที่ 11,นครศรีธรรมราช,3258
221,2565,เขตสุขภาพที่ 11,พังงา,774
222,2565,เขตสุขภาพที่ 11,ภูเก็ต,1565
223,2565,เขตสุขภาพที่ 11,ระนอง,520
224,2565,เขตสุขภาพที่ 11,สุราษฎร์ธานี,3278
225,2565,เขตสุขภาพที่ 12,ตรัง,1696
226,2565,เขตสุขภาพที่ 12,นราธิวาส,1965
227,2565,เขตสุขภาพที่ 12,ปัตตานี,1854
228,2565,เขตสุขภาพที่ 12,พัทลุง,1175
229,2565,เขตสุขภาพที่ 12,ยะลา,1565
230,2565,เขตสุขภาพที่ 12,สงขลา,4868
231,2565,เขตสุขภาพที่ 12,สตูล,780
232,2564,เขตสุขภาพที่ 13,กรุงเทพมหานคร,37678
233,2564,เขตสุขภาพที่ 1,เชียงราย,2845
234,2564,เขตสุขภาพที่ 1,เชียงใหม่,6673
235,2564,เขตสุขภาพที่ 1,น่าน,1283
236,2564,เขตสุขภาพที่ 1,พะเยา,1182
237,2564,เขตสุขภาพที่ 1,แพร่,1119
238,2564,เขตสุขภาพที่ 1,แม่ฮ่องสอน,553
239,2564,เขตสุขภาพที่ 1,ลำปาง,2112
240,2564,เขตสุขภาพที่ 1,ลำพูน,1030
241,2564,เขตสุขภาพที่ 2,ตาก,1372
242,2564,เขตสุขภาพที่ 2,พิษณุโลก,2700
243,2564,เขตสุขภาพที่ 2,เพชรบูรณ์,1667
244,2564,เขตสุขภาพที่ 2,สุโขทัย,1097
245,2564,เขตสุขภาพที่ 2,อุตรดิตถ์,1299
246,2564,เขตสุขภาพที่ 3,กำแพงเพชร,1190
247,2564,เขตสุขภาพที่ 3,ชัยนาท,787
248,2564,เขตสุขภาพที่ 3,นครสวรรค์,2286
249,2564,เขตสุขภาพที่ 3,พิจิตร,1036
250,2564,เขตสุขภาพที่ 3,อุทัยธานี,749
251,2564,เขตสุขภาพที่ 4,นครนายก,1018
252,2564,เขตสุขภาพที่ 4,นนทบุรี,3267
253,2564,เขตสุขภาพที่ 4,ปทุมธานี,2513
254,2564,เขตสุขภาพที่ 4,พระนครศรีอยุธยา,1822
255,2564,เขตสุขภาพที่ 4,ลพบุรี,1703
256,2564,เขตสุขภาพที่ 4,สระบุรี,1923
257,2564,เขตสุขภาพที่ 4,สิงห์บุรี,709
258,2564,เขตสุขภาพที่ 4,อ่างทอง,714
259,2564,เขตสุขภาพที่ 5,กาญจนบุรี,1803
260,2564,เขตสุขภาพที่ 5,นครปฐม,2296
261,2564,เขตสุขภาพที่ 5,ประจวบคีรีขันธ์,1135
262,2564,เขตสุขภาพที่ 5,เพชรบุรี,1098
263,2564,เขตสุขภาพที่ 5,ราชบุรี,2355
264,2564,เขตสุขภาพที่ 5,สมุทรสงคราม,494
265,2564,เขตสุขภาพที่ 5,สมุทรสาคร,2002
266,2564,เขตสุขภาพที่ 5,สุพรรณบุรี,1979
267,2564,เขตสุขภาพที่ 6,จันทบุรี,1898
268,2564,เขตสุขภาพที่ 6,ฉะเชิงเทรา,1700
269,2564,เขตสุขภาพที่ 6,ชลบุรี,6161
270,2564,เขตสุขภาพที่ 6,ตราด,695
271,2564,เขตสุขภาพที่ 6,ปราจีนบุรี,1133
272,2564,เขตสุขภาพที่ 6,ระยอง,1971
273,2564,เขตสุขภาพที่ 6,สมุทรปราการ,3026
274,2564,เขตสุขภาพที่ 6,สระแก้ว,1069
275,2564,เขตสุขภาพที่ 7,กาฬสินธุ์,1893
276,2564,เขตสุขภาพที่ 7,ขอนแก่น,5741
277,2564,เขตสุขภาพที่ 7,มหาสารคาม,1893
278,2564,เขตสุขภาพที่ 7,ร้อยเอ็ด,2418
279,2564,เขตสุขภาพที่ 8,นครพนม,1281
280,2564,เขตสุขภาพที่ 8,บึงกาฬ,677
281,2564,เขตสุขภาพที่ 8,เลย,1351
282,2564,เขตสุขภาพที่ 8,สกลนคร,2405
283,2564,เขตสุขภาพที่ 8,หนองคาย,1085
284,2564,เขตสุขภาพที่ 8,หนองบัวลำภู,703
285,2564,เขตสุขภาพที่ 8,อุดรธานี,3339
286,2564,เขตสุขภาพที่ 9,ชัยภูมิ,1996
287,2564,เขตสุขภาพที่ 9,นครราชสีมา,6394
288,2564,เขตสุขภาพที่ 9,บุรีรัมย์,3071
289,2564,เขตสุขภาพที่ 9,สุรินทร์,2563
290,2564,เขตสุขภาพที่ 10,มุกดาหาร,785
291,2564,เขตสุขภาพที่ 10,ยโสธร,976
292,2564,เขตสุขภาพที่ 10,ศรีสะเกษ,2477
293,2564,เขตสุขภาพที่ 10,อำนาจเจริญ,668
294,2564,เขตสุขภาพที่ 10,อุบลราชธานี,4581
295,2564,เขตสุขภาพที่ 11,กระบี่,1044
296,2564,เขตสุขภาพที่ 11,ชุมพร,1248
297,2564,เขตสุขภาพที่ 11,นครศรีธรรมราช,3175
298,2564,เขตสุขภาพที่ 11,พังงา,755
299,2564,เขตสุขภาพที่ 11,ภูเก็ต,1569
300,2564,เขตสุขภาพที่ 11,ระนอง,514
301,2564,เขตสุขภาพที่ 11,สุราษฎร์ธานี,3259
302,2564,เขตสุขภาพที่ 12,ตรัง,1680
303,2564,เขตสุขภาพที่ 12,นราธิวาส,1967
304,2564,เขตสุขภาพที่ 12,ปัตตานี,1825
305,2564,เขตสุขภาพที่ 12,พัทลุง,1162
306,2564,เขตสุขภาพที่ 12,ยะลา,1572
307,2564,เขตสุขภาพที่ 12,สงขลา,4803
308,2564,เขตสุขภาพที่ 12,สตูล,780
309,2563,เขตสุขภาพที่ 13,กรุงเทพมหานคร,37405
310,2563,เขตสุขภาพที่ 1,เชียงใหม่,6457
311,2563,เขตสุขภาพที่ 1,เชียงราย,2722
312,2563,เขตสุขภาพที่ 1,แพร่,1094
313,2563,เขตสุขภาพที่ 1,แม่ฮ่องสอน,537
314,2563,เขตสุขภาพที่ 1,น่าน,1236
315,2563,เขตสุขภาพที่ 1,พะเยา,1206
316,2563,เขตสุขภาพที่ 1,ลำปาง,2075
317,2563,เขตสุขภาพที่ 1,ลำพูน,953
318,2563,เขตสุขภาพที่ 2,เพชรบูรณ์,1583
319,2563,เขตสุขภาพที่ 2,ตาก,1242
320,2563,เขตสุขภาพที่ 2,พิษณุโลก,2649
321,2563,เขตสุขภาพที่ 2,สุโขทัย,1094
322,2563,เขตสุขภาพที่ 2,อุตรดิตถ์,1174
323,2563,เขตสุขภาพที่ 3,กำแพงเพชร,1145
324,2563,เขตสุขภาพที่ 3,ชัยนาท,771
325,2563,เขตสุขภาพที่ 3,นครสวรรค์,2078
326,2563,เขตสุขภาพที่ 3,พิจิตร,1004
327,2563,เขตสุขภาพที่ 3,อุทัยธานี,705
328,2563,เขตสุขภาพที่ 4,นครนายก,949
329,2563,เขตสุขภาพที่ 4,นนทบุรี,3073
330,2563,เขตสุขภาพที่ 4,ปทุมธานี,2230
331,2563,เขตสุขภาพที่ 4,พระนครศรีอยุธยา,1752
332,2563,เขตสุขภาพที่ 4,ลพบุรี,1681
333,2563,เขตสุขภาพที่ 4,สระบุรี,1875
334,2563,เขตสุขภาพที่ 4,สิงห์บุรี,718
335,2563,เขตสุขภาพที่ 4,อ่างทอง,702
336,2563,เขตสุขภาพที่ 5,เพชรบุรี,1102
337,2563,เขตสุขภาพที่ 5,กาญจนบุรี,1683
338,2563,เขตสุขภาพที่ 5,นครปฐม,2160
339,2563,เขตสุขภาพที่ 5,ประจวบคีรีขันธ์,1069
340,2563,เขตสุขภาพที่ 5,ราชบุรี,2151
341,2563,เขตสุขภาพที่ 5,สมุทรสงคราม,507
342,2563,เขตสุขภาพที่ 5,สมุทรสาคร,1892
343,2563,เขตสุขภาพที่ 5,สุพรรณบุรี,1898
344,2563,เขตสุขภาพที่ 6,จันทบุรี,1812
345,2563,เขตสุขภาพที่ 6,ฉะเชิงเทรา,1578
346,2563,เขตสุขภาพที่ 6,ชลบุรี,5338
347,2563,เขตสุขภาพที่ 6,ตราด,697
348,2563,เขตสุขภาพที่ 6,ปราจีนบุรี,1048
349,2563,เขตสุขภาพที่ 6,ระยอง,1922
350,2563,เขตสุขภาพที่ 6,สมุทรปราการ,2911
351,2563,เขตสุขภาพที่ 6,สระแก้ว,972
352,2563,เขตสุขภาพที่ 7,กาฬสินธุ์,1804
353,2563,เขตสุขภาพที่ 7,ขอนแก่น,5461
354,2563,เขตสุขภาพที่ 7,มหาสารคาม,1788
355,2563,เขตสุขภาพที่ 7,ร้อยเอ็ด,2260
356,2563,เขตสุขภาพที่ 8,เลย,1293
357,2563,เขตสุขภาพที่ 8,นครพนม,1220
358,2563,เขตสุขภาพที่ 8,บึงกาฬ,642
359,2563,เขตสุขภาพที่ 8,สกลนคร,2140
360,2563,เขตสุขภาพที่ 8,หนองคาย,1029
361,2563,เขตสุขภาพที่ 8,หนองบัวลำภู,699
362,2563,เขตสุขภาพที่ 8,อุดรธานี,3097
363,2563,เขตสุขภาพที่ 9,ชัยภูมิ,1745
364,2563,เขตสุขภาพที่ 9,นครราชสีมา,5607
365,2563,เขตสุขภาพที่ 9,บุรีรัมย์,2784
366,2563,เขตสุขภาพที่ 9,สุรินทร์,2371
367,2563,เขตสุขภาพที่ 10,มุกดาหาร,758
368,2563,เขตสุขภาพที่ 10,ยโสธร,960
369,2563,เขตสุขภาพที่ 10,ศรีสะเกษ,2171
370,2563,เขตสุขภาพที่ 10,อำนาจเจริญ,658
371,2563,เขตสุขภาพที่ 10,อุบลราชธานี,4382
372,2563,เขตสุขภาพที่ 11,กระบี่,923
373,2563,เขตสุขภาพที่ 11,ชุมพร,1177
374,2563,เขตสุขภาพที่ 11,นครศรีธรรมราช,2996
375,2563,เขตสุขภาพที่ 11,พังงา,724
376,2563,เขตสุขภาพที่ 11,ภูเก็ต,1597
377,2563,เขตสุขภาพที่ 11,ระนอง,489
378,2563,เขตสุขภาพที่ 11,สุราษฎร์ธานี,3038
379,2563,เขตสุขภาพที่ 12,ตรัง,1611
380,2563,เขตสุขภาพที่ 12,นราธิวาส,1981
381,2563,เขตสุขภาพที่ 12,ปัตตานี,1816
382,2563,เขตสุขภาพที่ 12,พัทลุง,1137
383,2563,เขตสุขภาพที่ 12,ยะลา,1564
384,2563,เขตสุขภาพที่ 12,สงขลา,4696
385,2563,เขตสุขภาพที่ 12,สตูล,767
386,2562,เขตสุขภาพที่ 13,กรุงเทพมหานคร,34825
387,2562,เขตสุขภาพที่ 1,เชียงราย,2684
388,2562,เขตสุขภาพที่ 1,เชียงใหม่,6347
389,2562,เขตสุขภาพที่ 1,น่าน,1258
390,2562,เขตสุขภาพที่ 1,พะเยา,1214
391,2562,เขตสุขภาพที่ 1,แพร่,1092
392,2562,เขตสุขภาพที่ 1,แม่ฮ่องสอน,547
393,2562,เขตสุขภาพที่ 1,ลำปาง,2055
394,2562,เขตสุขภาพที่ 1,ลำพูน,992
395,2562,เขตสุขภาพที่ 2,ตาก,1229
396,2562,เขตสุขภาพที่ 2,พิษณุโลก,2628
397,2562,เขตสุขภาพที่ 2,เพชรบูรณ์,1583
398,2562,เขตสุขภาพที่ 2,สุโขทัย,1108
399,2562,เขตสุขภาพที่ 2,อุตรดิตถ์,1175
400,2562,เขตสุขภาพที่ 3,กำแพงเพชร,1155
401,2562,เขตสุขภาพที่ 3,ชัยนาท,779
402,2562,เขตสุขภาพที่ 3,นครสวรรค์,2115
403,2562,เขตสุขภาพที่ 3,พิจิตร,996
404,2562,เขตสุขภาพที่ 3,อุทัยธานี,717
405,2562,เขตสุขภาพที่ 4,นครนายก,976
406,2562,เขตสุขภาพที่ 4,นนทบุรี,2936
407,2562,เขตสุขภาพที่ 4,ปทุมธานี,2248
408,2562,เขตสุขภาพที่ 4,พระนครศรีอยุธยา,1823
409,2562,เขตสุขภาพที่ 4,ลพบุรี,1658
410,2562,เขตสุขภาพที่ 4,สระบุรี,1866
411,2562,เขตสุขภาพที่ 4,สิงห์บุรี,728
412,2562,เขตสุขภาพที่ 4,อ่างทอง,712
413,2562,เขตสุขภาพที่ 5,กาญจนบุรี,1674
414,2562,เขตสุขภาพที่ 5,นครปฐม,2096
415,2562,เขตสุขภาพที่ 5,ประจวบคีรีขันธ์,1062
416,2562,เขตสุขภาพที่ 5,เพชรบุรี,1109
417,2562,เขตสุขภาพที่ 5,ราชบุรี,2230
418,2562,เขตสุขภาพที่ 5,สมุทรสงคราม,522
419,2562,เขตสุขภาพที่ 5,สมุทรสาคร,1882
420,2562,เขตสุขภาพที่ 5,สุพรรณบุรี,1905
421,2562,เขตสุขภาพที่ 6,จันทบุรี,1801
422,2562,เขตสุขภาพที่ 6,ฉะเชิงเทรา,1514
423,2562,เขตสุขภาพที่ 6,ชลบุรี,5267
424,2562,เขตสุขภาพที่ 6,ตราด,708
425,2562,เขตสุขภาพที่ 6,ปราจีนบุรี,1057
426,2562,เขตสุขภาพที่ 6,ระยอง,1970
427,2562,เขตสุขภาพที่ 6,สมุทรปราการ,2880
428,2562,เขตสุขภาพที่ 6,สระแก้ว,973
429,2562,เขตสุขภาพที่ 7,กาฬสินธุ์,1783
430,2562,เขตสุขภาพที่ 7,ขอนแก่น,5470
431,2562,เขตสุขภาพที่ 7,มหาสารคาม,1733
432,2562,เขตสุขภาพที่ 7,ร้อยเอ็ด,2213
433,2562,เขตสุขภาพที่ 8,นครพนม,1202
434,2562,เขตสุขภาพที่ 8,บึงกาฬ,623
435,2562,เขตสุขภาพที่ 8,เลย,1282
436,2562,เขตสุขภาพที่ 8,สกลนคร,2047
437,2562,เขตสุขภาพที่ 8,หนองคาย,1005
438,2562,เขตสุขภาพที่ 8,หนองบัวลำภู,689
439,2562,เขตสุขภาพที่ 8,อุดรธานี,2749
440,2562,เขตสุขภาพที่ 9,ชัยภูมิ,1773
441,2562,เขตสุขภาพที่ 9,นครราชสีมา,5729
442,2562,เขตสุขภาพที่ 9,บุรีรัมย์,2753
443,2562,เขตสุขภาพที่ 9,สุรินทร์,2390
444,2562,เขตสุขภาพที่ 10,มุกดาหาร,751
445,2562,เขตสุขภาพที่ 10,ยโสธร,977
446,2562,เขตสุขภาพที่ 10,ศรีสะเกษ,2160
447,2562,เขตสุขภาพที่ 10,อำนาจเจริญ,665
448,2562,เขตสุขภาพที่ 10,อุบลราชธานี,4290
449,2562,เขตสุขภาพที่ 11,กระบี่,878
450,2562,เขตสุขภาพที่ 11,ชุมพร,1157
451,2562,เขตสุขภาพที่ 11,นครศรีธรรมราช,2974
452,2562,เขตสุขภาพที่ 11,พังงา,742
453,2562,เขตสุขภาพที่ 11,ภูเก็ต,1583
454,2562,เขตสุขภาพที่ 11,ระนอง,497
455,2562,เขตสุขภาพที่ 11,สุราษฎร์ธานี,3004
456,2562,เขตสุขภาพที่ 12,ตรัง,1610
457,2562,เขตสุขภาพที่ 12,นราธิวาส,1996
458,2562,เขตสุขภาพที่ 12,ปัตตานี,1835
459,2562,เขตสุขภาพที่ 12,พัทลุง,1129
460,2562,เขตสุขภาพที่ 12,ยะลา,1592
461,2562,เขตสุขภาพที่ 12,สงขลา,4788
462,2562,เขตสุขภาพที่ 12,สตูล,772
463,2561,เขตสุขภาพที่ 13,กรุงเทพมหานคร,33204
464,2561,เขตสุขภาพที่ 1,เชียงราย,2533
465,2561,เขตสุขภาพที่ 1,เชียงใหม่,5935
466,2561,เขตสุขภาพที่ 1,น่าน,1252
467,2561,เขตสุขภาพที่ 1,พะเยา,1193
468,2561,เขตสุขภาพที่ 1,แพร่,1120
469,2561,เขตสุขภาพที่ 1,แม่ฮ่องสอน,517
470,2561,เขตสุขภาพที่ 1,ลำปาง,1990
471,2561,เขตสุขภาพที่ 1,ลำพูน,961
472,2561,เขตสุขภาพที่ 2,ตาก,1160
473,2561,เขตสุขภาพที่ 2,พิษณุโลก,2544
474,2561,เขตสุขภาพที่ 2,เพชรบูรณ์,1496
475,2561,เขตสุขภาพที่ 2,สุโขทัย,1115
476,2561,เขตสุขภาพที่ 2,อุตรดิตถ์,1160
477,2561,เขตสุขภาพที่ 3,กำแพงเพชร,1136
478,2561,เขตสุขภาพที่ 3,ชัยนาท,774
479,2561,เขตสุขภาพที่ 3,นครสวรรค์,1911
480,2561,เขตสุขภาพที่ 3,พิจิตร,976
481,2561,เขตสุขภาพที่ 3,อุทัยธานี,691
482,2561,เขตสุขภาพที่ 4,นนทบุรี,2923
483,2561,เขตสุขภาพที่ 4,ปทุมธานี,2213
484,2561,เขตสุขภาพที่ 4,พระนครศรีอยุธยา,1583
485,2561,เขตสุขภาพที่ 4,ลพบุรี,1621
486,2561,เขตสุขภาพที่ 4,สระบุรี,1788
487,2561,เขตสุขภาพที่ 4,สิงห์บุรี,742
488,2561,เขตสุขภาพที่ 4,อ่างทอง,708
489,2561,เขตสุขภาพที่ 4,นครนายก,984
490,2561,เขตสุขภาพที่ 5,กาญจนบุรี,1487
491,2561,เขตสุขภาพที่ 5,นครปฐม,1973
492,2561,เขตสุขภาพที่ 5,ประจวบคีรีขันธ์,1019
493,2561,เขตสุขภาพที่ 5,เพชรบุรี,1098
494,2561,เขตสุขภาพที่ 5,ราชบุรี,2161
495,2561,เขตสุขภาพที่ 5,สมุทรสงคราม,502
496,2561,เขตสุขภาพที่ 5,สมุทรสาคร,1759
497,2561,เขตสุขภาพที่ 5,สุพรรณบุรี,1808
498,2561,เขตสุขภาพที่ 6,จันทบุรี,1688
499,2561,เขตสุขภาพที่ 6,ฉะเชิงเทรา,1347
500,2561,เขตสุขภาพที่ 6,ชลบุรี,4534
501,2561,เขตสุขภาพที่ 6,ตราด,701
502,2561,เขตสุขภาพที่ 6,ปราจีนบุรี,1059
503,2561,เขตสุขภาพที่ 6,ระยอง,1841
504,2561,เขตสุขภาพที่ 6,สมุทรปราการ,2219
505,2561,เขตสุขภาพที่ 6,สระแก้ว,854
506,2561,เขตสุขภาพที่ 7,กาฬสินธุ์,1763
507,2561,เขตสุขภาพที่ 7,ขอนแก่น,5563
508,2561,เขตสุขภาพที่ 7,มหาสารคาม,1665
509,2561,เขตสุขภาพที่ 7,ร้อยเอ็ด,2195
510,2561,เขตสุขภาพที่ 8,นครพนม,1181
511,2561,เขตสุขภาพที่ 8,บึงกาฬ,631
512,2561,เขตสุขภาพที่ 8,เลย,1262
513,2561,เขตสุขภาพที่ 8,สกลนคร,2008
514,2561,เขตสุขภาพที่ 8,หนองคาย,989
515,2561,เขตสุขภาพที่ 8,หนองบัวลำภู,673
516,2561,เขตสุขภาพที่ 8,อุดรธานี,2737
517,2561,เขตสุขภาพที่ 9,ชัยภูมิ,1686
518,2561,เขตสุขภาพที่ 9,นครราชสีมา,5358
519,2561,เขตสุขภาพที่ 9,บุรีรัมย์,2587
520,2561,เขตสุขภาพที่ 9,สุรินทร์,2242
521,2561,เขตสุขภาพที่ 10,มุกดาหาร,760
522,2561,เขตสุขภาพที่ 10,ยโสธร,953
523,2561,เขตสุขภาพที่ 10,ศรีสะเกษ,2127
524,2561,เขตสุขภาพที่ 10,อำนาจเจริญ,648
525,2561,เขตสุขภาพที่ 10,อุบลราชธานี,4157
526,2561,เขตสุขภาพที่ 11,กระบี่,862
527,2561,เขตสุขภาพที่ 11,ชุมพร,1093
528,2561,เขตสุขภาพที่ 11,นครศรีธรรมราช,2817
529,2561,เขตสุขภาพที่ 11,พังงา,725
530,2561,เขตสุขภาพที่ 11,ภูเก็ต,1543
531,2561,เขตสุขภาพที่ 11,ระนอง,469
532,2561,เขตสุขภาพที่ 11,สุราษฎร์ธานี,2710
533,2561,เขตสุขภาพที่ 12,ตรัง,1523
534,2561,เขตสุขภาพที่ 12,นราธิวาส,2013
535,2561,เขตสุขภาพที่ 12,ปัตตานี,1854
536,2561,เขตสุขภาพที่ 12,พัทลุง,1124
537,2561,เขตสุขภาพที่ 12,ยะลา,1691
538,2561,เขตสุขภาพที่ 12,สงขลา,4824
539,2561,เขตสุขภาพที่ 12,สตูล,776
540,2560,เขตสุขภาพที่ 13,กรุงเทพมหานคร,32497
541,2560,เขตสุขภาพที่ 1,เชียงราย,2619
542,2560,เขตสุขภาพที่ 1,เชียงใหม่,5881
543,2560,เขตสุขภาพที่ 1,น่าน,1253
544,2560,เขตสุขภาพที่ 1,พะเยา,1258
545,2560,เขตสุขภาพที่ 1,แพร่,1087
546,2560,เขตสุขภาพที่ 1,แม่ฮ่องสอน,548
547,2560,เขตสุขภาพที่ 1,ลำปาง,2005
548,2560,เขตสุขภาพที่ 1,ลำพูน,978
549,2560,เขตสุขภาพที่ 2,ตาก,1118
550,2560,เขตสุขภาพที่ 2,พิษณุโลก,2570
551,2560,เขตสุขภาพที่ 2,เพชรบูรณ์,1468
552,2560,เขตสุขภาพที่ 2,สุโขทัย,1130
553,2560,เขตสุขภาพที่ 2,อุตรดิตถ์,1120
554,2560,เขตสุขภาพที่ 3,กำแพงเพชร,1069
555,2560,เขตสุขภาพที่ 3,ชัยนาท,711
556,2560,เขตสุขภาพที่ 3,นครสวรรค์,1832
557,2560,เขตสุขภาพที่ 3,พิจิตร,978
558,2560,เขตสุขภาพที่ 3,อุทัยธานี,680
559,2560,เขตสุขภาพที่ 4,นครนายก,989
560,2560,เขตสุขภาพที่ 4,นนทบุรี,2752
561,2560,เขตสุขภาพที่ 4,ปทุมธานี,2082
562,2560,เขตสุขภาพที่ 4,พระนครศรีอยุธยา,1604
563,2560,เขตสุขภาพที่ 4,ลพบุรี,1599
564,2560,เขตสุขภาพที่ 4,สระบุรี,1716
565,2560,เขตสุขภาพที่ 4,สิงห์บุรี,746
566,2560,เขตสุขภาพที่ 4,อ่างทอง,703
567,2560,เขตสุขภาพที่ 5,กาญจนบุรี,1497
568,2560,เขตสุขภาพที่ 5,นครปฐม,1941
569,2560,เขตสุขภาพที่ 5,ประจวบคีรีขันธ์,1022
570,2560,เขตสุขภาพที่ 5,เพชรบุรี,1090
571,2560,เขตสุขภาพที่ 5,ราชบุรี,2154
572,2560,เขตสุขภาพที่ 5,สมุทรสงคราม,528
573,2560,เขตสุขภาพที่ 5,สมุทรสาคร,1540
574,2560,เขตสุขภาพที่ 5,สุพรรณบุรี,1750
575,2560,เขตสุขภาพที่ 6,จันทบุรี,1590
576,2560,เขตสุขภาพที่ 6,ฉะเชิงเทรา,1305
577,2560,เขตสุขภาพที่ 6,ชลบุรี,4764
578,2560,เขตสุขภาพที่ 6,ตราด,633
579,2560,เขตสุขภาพที่ 6,ปราจีนบุรี,931
580,2560,เขตสุขภาพที่ 6,ระยอง,1834
581,2560,เขตสุขภาพที่ 6,สมุทรปราการ,1976
582,2560,เขตสุขภาพที่ 6,สระแก้ว,739
583,2560,เขตสุขภาพที่ 7,กาฬสินธุ์,1501
584,2560,เขตสุขภาพที่ 7,ขอนแก่น,5240
585,2560,เขตสุขภาพที่ 7,มหาสารคาม,1703
586,2560,เขตสุขภาพที่ 7,ร้อยเอ็ด,2140
587,2560,เขตสุขภาพที่ 8,นครพนม,1165
588,2560,เขตสุขภาพที่ 8,บึงกาฬ,572
589,2560,เขตสุขภาพที่ 8,เลย,1217
590,2560,เขตสุขภาพที่ 8,สกลนคร,1952
591,2560,เขตสุขภาพที่ 8,หนองคาย,921
592,2560,เขตสุขภาพที่ 8,หนองบัวลำภู,671
593,2560,เขตสุขภาพที่ 8,อุดรธานี,2677
594,2560,เขตสุขภาพที่ 9,ชัยภูมิ,1720
595,2560,เขตสุขภาพที่ 9,นครราชสีมา,4893
596,2560,เขตสุขภาพที่ 9,บุรีรัมย์,2560
597,2560,เขตสุขภาพที่ 9,สุรินทร์,2192
598,2560,เขตสุขภาพที่ 10,มุกดาหาร,702
599,2560,เขตสุขภาพที่ 10,ยโสธร,892
600,2560,เขตสุขภาพที่ 10,ศรีสะเกษ,1968
601,2560,เขตสุขภาพที่ 10,อำนาจเจริญ,642
602,2560,เขตสุขภาพที่ 10,อุบลราชธานี,3918
603,2560,เขตสุขภาพที่ 11,กระบี่,846
604,2560,เขตสุขภาพที่ 11,ชุมพร,1084
605,2560,เขตสุขภาพที่ 11,นครศรีธรรมราช,2679
606,2560,เขตสุขภาพที่ 11,พังงา,707
607,2560,เขตสุขภาพที่ 11,ภูเก็ต,1286
608,2560,เขตสุขภาพที่ 11,ระนอง,471
609,2560,เขตสุขภาพที่ 11,สุราษฎร์ธานี,2709
610,2560,เขตสุขภาพที่ 12,ตรัง,1479
611,2560,เขตสุขภาพที่ 12,นราธิวาส,2017
612,2560,เขตสุขภาพที่ 12,ปัตตานี,1838
613,2560,เขตสุขภาพที่ 12,พัทลุง,1112
614,2560,เขตสุขภาพที่ 12,ยะลา,1632
615,2560,เขตสุขภาพที่ 12,สงขลา,4768
616,2560,เขตสุขภาพที่ 12,สตูล,728
617,2559,เขตสุขภาพที่ 13,กรุงเทพมหานคร,28905
618,2559,เขตสุขภาพที่ 1,เชียงราย,2389
619,2559,เขตสุขภาพที่ 1,เชียงใหม่,5641
620,2559,เขตสุขภาพที่ 1,น่าน,1241
621,2559,เขตสุขภาพที่ 1,พะเยา,1256
622,2559,เขตสุขภาพที่ 1,แพร่,1093
623,2559,เขตสุขภาพที่ 1,แม่ฮ่องสอน,516
624,2559,เขตสุขภาพที่ 1,ลำปาง,2030
625,2559,เขตสุขภาพที่ 1,ลำพูน,972
626,2559,เขตสุขภาพที่ 2,ตาก,1097
627,2559,เขตสุขภาพที่ 2,พิษณุโลก,2483
628,2559,เขตสุขภาพที่ 2,เพชรบูรณ์,1395
629,2559,เขตสุขภาพที่ 2,สุโขทัย,1116
630,2559,เขตสุขภาพที่ 2,อุตรดิตถ์,1104
631,2559,เขตสุขภาพที่ 3,กำแพงเพชร,1018
632,2559,เขตสุขภาพที่ 3,ชัยนาท,710
633,2559,เขตสุขภาพที่ 3,นครสวรรค์,1874
634,2559,เขตสุขภาพที่ 3,พิจิตร,954
635,2559,เขตสุขภาพที่ 3,อุทัยธานี,673
636,2559,เขตสุขภาพที่ 4,นครนายก,720
637,2559,เขตสุขภาพที่ 4,นนทบุรี,999
638,2559,เขตสุขภาพที่ 4,ปทุมธานี,2479
639,2559,เขตสุขภาพที่ 4,พระนครศรีอยุธยา,2026
640,2559,เขตสุขภาพที่ 4,ลพบุรี,1565
641,2559,เขตสุขภาพที่ 4,สระบุรี,1567
642,2559,เขตสุขภาพที่ 4,สิงห์บุรี,1698
643,2559,เขตสุขภาพที่ 4,อ่างทอง,767
644,2559,เขตสุขภาพที่ 5,กาญจนบุรี,1447
645,2559,เขตสุขภาพที่ 5,นครปฐม,1938
646,2559,เขตสุขภาพที่ 5,ประจวบคีรีขันธ์,983
647,2559,เขตสุขภาพที่ 5,เพชรบุรี,1078
648,2559,เขตสุขภาพที่ 5,ราชบุรี,2109
649,2559,เขตสุขภาพที่ 5,สมุทรสงคราม,545
650,2559,เขตสุขภาพที่ 5,สมุทรสาคร,1396
651,2559,เขตสุขภาพที่ 5,สุพรรณบุรี,1724
652,2559,เขตสุขภาพที่ 6,จันทบุรี,1518
653,2559,เขตสุขภาพที่ 6,ฉะเชิงเทรา,1274
654,2559,เขตสุขภาพที่ 6,ชลบุรี,4550
655,2559,เขตสุขภาพที่ 6,ตราด,641
656,2559,เขตสุขภาพที่ 6,ปราจีนบุรี,1121
657,2559,เขตสุขภาพที่ 6,ระยอง,1731
658,2559,เขตสุขภาพที่ 6,สมุทรปราการ,1960
659,2559,เขตสุขภาพที่ 6,สระแก้ว,755
660,2559,เขตสุขภาพที่ 7,กาฬสินธุ์,1513
661,2559,เขตสุขภาพที่ 7,ขอนแก่น,5227
662,2559,เขตสุขภาพที่ 7,มหาสารคาม,1635
663,2559,เขตสุขภาพที่ 7,ร้อยเอ็ด,1983
664,2559,เขตสุขภาพที่ 8,นครพนม,1173
665,2559,เขตสุขภาพที่ 8,บึงกาฬ,559
666,2559,เขตสุขภาพที่ 8,เลย,1177
667,2559,เขตสุขภาพที่ 8,สกลนคร,1848
668,2559,เขตสุขภาพที่ 8,หนองคาย,881
669,2559,เขตสุขภาพที่ 8,หนองบัวลำภู,638
670,2559,เขตสุขภาพที่ 8,อุดรธานี,2638
671,2559,เขตสุขภาพที่ 9,ชัยภูมิ,1678
672,2559,เขตสุขภาพที่ 9,นครราชสีมา,4436
673,2559,เขตสุขภาพที่ 9,บุรีรัมย์,2312
674,2559,เขตสุขภาพที่ 9,สุรินทร์,2031
675,2559,เขตสุขภาพที่ 10,มุกดาหาร,646
676,2559,เขตสุขภาพที่ 10,ยโสธร,876
677,2559,เขตสุขภาพที่ 10,ศรีสะเกษ,1815
678,2559,เขตสุขภาพที่ 10,อำนาจเจริญ,616
679,2559,เขตสุขภาพที่ 10,อุบลราชธานี,3634
680,2559,เขตสุขภาพที่ 11,กระบี่,794
681,2559,เขตสุขภาพที่ 11,ชุมพร,1073
682,2559,เขตสุขภาพที่ 11,นครศรีธรรมราช,2655
683,2559,เขตสุขภาพที่ 11,พังงา,715
684,2559,เขตสุขภาพที่ 11,ภูเก็ต,1206
685,2559,เขตสุขภาพที่ 11,ระนอง,467
686,2559,เขตสุขภาพที่ 11,สุราษฎร์ธานี,2574
687,2559,เขตสุขภาพที่ 12,ตรัง,1449
688,2559,เขตสุขภาพที่ 12,นราธิวาส,2045
689,2559,เขตสุขภาพที่ 12,ปัตตานี,1850
690,2559,เขตสุขภาพที่ 12,พัทลุง,1115
691,2559,เขตสุขภาพที่ 12,ยะลา,1659
692,2559,เขตสุขภาพที่ 12,สงขลา,4795
693,2559,เขตสุขภาพที่ 12,สตูล,741
694,2558,เขตสุขภาพที่ 13,กรุงเทพมหานคร,27558
695,2558,เขตสุขภาพที่ 1,เชียงราย,2240
696,2558,เขตสุขภาพที่ 1,เชียงใหม่,5516
697,2558,เขตสุขภาพที่ 1,น่าน,1207
698,2558,เขตสุขภาพที่ 1,พะเยา,1237
699,2558,เขตสุขภาพที่ 1,แพร่,1044
700,2558,เขตสุขภาพที่ 1,แม่ฮ่องสอน,510
701,2558,เขตสุขภาพที่ 1,ลำปาง,1982
702,2558,เขตสุขภาพที่ 1,ลำพูน,943
703,2558,เขตสุขภาพที่ 2,ตาก,1083
704,2558,เขตสุขภาพที่ 2,พิษณุโลก,2244
705,2558,เขตสุขภาพที่ 2,เพชรบูรณ์,1362
706,2558,เขตสุขภาพที่ 2,สุโขทัย,1102
707,2558,เขตสุขภาพที่ 2,อุตรดิตถ์,1066
708,2558,เขตสุขภาพที่ 3,กำแพงเพชร,991
709,2558,เขตสุขภาพที่ 3,ชัยนาท,719
710,2558,เขตสุขภาพที่ 3,นครสวรรค์,1835
711,2558,เขตสุขภาพที่ 3,พิจิตร,946
712,2558,เขตสุขภาพที่ 3,อุทัยธานี,674
713,2558,เขตสุขภาพที่ 4,นครนายก,962
714,2558,เขตสุขภาพที่ 4,นนทบุรี,2567
715,2558,เขตสุขภาพที่ 4,ปทุมธานี,1881
716,2558,เขตสุขภาพที่ 4,พระนครศรีอยุธยา,1535
717,2558,เขตสุขภาพที่ 4,ลพบุรี,1577
718,2558,เขตสุขภาพที่ 4,สระบุรี,1698
719,2558,เขตสุขภาพที่ 4,สิงห์บุรี,777
720,2558,เขตสุขภาพที่ 4,อ่างทอง,717
721,2558,เขตสุขภาพที่ 5,กาญจนบุรี,1361
722,2558,เขตสุขภาพที่ 5,นครปฐม,1915
723,2558,เขตสุขภาพที่ 5,ประจวบคีรีขันธ์,969
724,2558,เขตสุขภาพที่ 5,เพชรบุรี,1061
725,2558,เขตสุขภาพที่ 5,ราชบุรี,2161
726,2558,เขตสุขภาพที่ 5,สมุทรสงคราม,537
727,2558,เขตสุขภาพที่ 5,สมุทรสาคร,1328
728,2558,เขตสุขภาพที่ 5,สุพรรณบุรี,1706
729,2558,เขตสุขภาพที่ 6,จันทบุรี,1566
730,2558,เขตสุขภาพที่ 6,ฉะเชิงเทรา,1257
731,2558,เขตสุขภาพที่ 6,ชลบุรี,4339
732,2558,เขตสุขภาพที่ 6,ตราด,662
733,2558,เขตสุขภาพที่ 6,ปราจีนบุรี,1112
734,2558,เขตสุขภาพที่ 6,ระยอง,1568
735,2558,เขตสุขภาพที่ 6,สมุทรปราการ,1792
736,2558,เขตสุขภาพที่ 6,สระแก้ว,756
737,2558,เขตสุขภาพที่ 7,กาฬสินธุ์,1523
738,2558,เขตสุขภาพที่ 7,ขอนแก่น,5220
739,2558,เขตสุขภาพที่ 7,มหาสารคาม,1529
740,2558,เขตสุขภาพที่ 7,ร้อยเอ็ด,1908
741,2558,เขตสุขภาพที่ 8,นครพนม,1124
742,2558,เขตสุขภาพที่ 8,บึงกาฬ,539
743,2558,เขตสุขภาพที่ 8,เลย,1112
744,2558,เขตสุขภาพที่ 8,สกลนคร,1665
745,2558,เขตสุขภาพที่ 8,หนองคาย,879
746,2558,เขตสุขภาพที่ 8,หนองบัวลำภู,626
747,2558,เขตสุขภาพที่ 8,อุดรธานี,2496
748,2558,เขตสุขภาพที่ 9,ชัยภูมิ,1596
749,2558,เขตสุขภาพที่ 9,นครราชสีมา,4511
750,2558,เขตสุขภาพที่ 9,บุรีรัมย์,2231
751,2558,เขตสุขภาพที่ 9,สุรินทร์,1839
752,2558,เขตสุขภาพที่ 10,มุกดาหาร,644
753,2558,เขตสุขภาพที่ 10,ยโสธร,889
754,2558,เขตสุขภาพที่ 10,ศรีสะเกษ,1808
755,2558,เขตสุขภาพที่ 10,อำนาจเจริญ,619
756,2558,เขตสุขภาพที่ 10,อุบลราชธานี,3514
757,2558,เขตสุขภาพที่ 11,กระบี่,790
758,2558,เขตสุขภาพที่ 11,ชุมพร,1034
759,2558,เขตสุขภาพที่ 11,นครศรีธรรมราช,2594
760,2558,เขตสุขภาพที่ 11,พังงา,706
761,2558,เขตสุขภาพที่ 11,ภูเก็ต,1150
762,2558,เขตสุขภาพที่ 11,ระนอง,470
763,2558,เขตสุขภาพที่ 11,สุราษฎร์ธานี,2619
764,2558,เขตสุขภาพที่ 12,ตรัง,1439
765,2558,เขตสุขภาพที่ 12,นราธิวาส,2032
766,2558,เขตสุขภาพที่ 12,ปัตตานี,1843
767,2558,เขตสุขภาพที่ 12,พัทลุง,1101
768,2558,เขตสุขภาพที่ 12,ยะลา,1674
769,2558,เขตสุขภาพที่ 12,สงขลา,4498
770,2558,เขตสุขภาพที่ 12,สตูล,761
771,2557,เขตสุขภาพที่ 13,กรุงเทพมหานคร,28088
772,2557,เขตสุขภาพที่ 1,เชียงราย,2156
773,2557,เขตสุขภาพที่ 1,เชียงใหม่,1238
774,2557,เขตสุขภาพที่ 1,น่าน,1297
775,2557,เขตสุขภาพที่ 1,พะเยา,1105
776,2557,เขตสุขภาพที่ 1,แพร่,5667
777,2557,เขตสุขภาพที่ 1,แม่ฮ่องสอน,534
778,2557,เขตสุขภาพที่ 1,ลำปาง,2043
779,2557,เขตสุขภาพที่ 1,ลำพูน,940
780,2557,เขตสุขภาพที่ 2,ตาก,1040
781,2557,เขตสุขภาพที่ 2,พิษณุโลก,2203
782,2557,เขตสุขภาพที่ 2,เพชรบูรณ์,1514
783,2557,เขตสุขภาพที่ 2,สุโขทัย,1103
784,2557,เขตสุขภาพที่ 2,อุตรดิตถ์,1092
785,2557,เขตสุขภาพที่ 3,กำแพงเพชร,726
786,2557,เขตสุขภาพที่ 3,ชัยนาท,1043
787,2557,เขตสุขภาพที่ 3,นครสวรรค์,956
788,2557,เขตสุขภาพที่ 3,พิจิตร,1759
789,2557,เขตสุขภาพที่ 3,อุทัยธานี,689
790,2557,เขตสุขภาพที่ 4,นครนายก,931
791,2557,เขตสุขภาพที่ 4,นนทบุรี,2356
792,2557,เขตสุขภาพที่ 4,ปทุมธานี,1904
793,2557,เขตสุขภาพที่ 4,พระนครศรีอยุธยา,1556
794,2557,เขตสุขภาพที่ 4,ลพบุรี,1648
795,2557,เขตสุขภาพที่ 4,สระบุรี,1566
796,2557,เขตสุขภาพที่ 4,สิงห์บุรี,800
797,2557,เขตสุขภาพที่ 4,อ่างทอง,737
798,2557,เขตสุขภาพที่ 5,กาญจนบุรี,1383
799,2557,เขตสุขภาพที่ 5,นครปฐม,1812
800,2557,เขตสุขภาพที่ 5,ประจวบคีรีขันธ์,2131
801,2557,เขตสุขภาพที่ 5,เพชรบุรี,1715
802,2557,เขตสุขภาพที่ 5,ราชบุรี,986
803,2557,เขตสุขภาพที่ 5,สมุทรสงคราม,1070
804,2557,เขตสุขภาพที่ 5,สมุทรสาคร,540
805,2557,เขตสุขภาพที่ 5,สุพรรณบุรี,1370
806,2557,เขตสุขภาพที่ 6,จันทบุรี,1494
807,2557,เขตสุขภาพที่ 6,ฉะเชิงเทรา,1270
808,2557,เขตสุขภาพที่ 6,ชลบุรี,4336
809,2557,เขตสุขภาพที่ 6,ตราด,683
810,2557,เขตสุขภาพที่ 6,ปราจีนบุรี,1001
811,2557,เขตสุขภาพที่ 6,ระยอง,1524
812,2557,เขตสุขภาพที่ 6,สมุทรปราการ,1810
813,2557,เขตสุขภาพที่ 6,สระแก้ว,764
814,2557,เขตสุขภาพที่ 7,กาฬสินธุ์,1502
815,2557,เขตสุขภาพที่ 7,ขอนแก่น,5206
816,2557,เขตสุขภาพที่ 7,มหาสารคาม,1606
817,2557,เขตสุขภาพที่ 7,ร้อยเอ็ด,1968
818,2557,เขตสุขภาพที่ 8,นครพนม,609
819,2557,เขตสุขภาพที่ 8,บึงกาฬ,1152
820,2557,เขตสุขภาพที่ 8,เลย,851
821,2557,เขตสุขภาพที่ 8,สกลนคร,666
822,2557,เขตสุขภาพที่ 8,หนองคาย,2576
823,2557,เขตสุขภาพที่ 8,หนองบัวลำภู,1189
824,2557,เขตสุขภาพที่ 8,อุดรธานี,1720
825,2557,เขตสุขภาพที่ 9,ชัยภูมิ,1657
826,2557,เขตสุขภาพที่ 9,นครราชสีมา,4529
827,2557,เขตสุขภาพที่ 9,บุรีรัมย์,2223
828,2557,เขตสุขภาพที่ 9,สุรินทร์,1879
829,2557,เขตสุขภาพที่ 10,มุกดาหาร,628
830,2557,เขตสุขภาพที่ 10,ยโสธร,922
831,2557,เขตสุขภาพที่ 10,ศรีสะเกษ,1842
832,2557,เขตสุขภาพที่ 10,อำนาจเจริญ,3675
833,2557,เขตสุขภาพที่ 10,อุบลราชธานี,617
834,2557,เขตสุขภาพที่ 11,กระบี่,1010
835,2557,เขตสุขภาพที่ 11,ชุมพร,2587
836,2557,เขตสุขภาพที่ 11,นครศรีธรรมราช,2744
837,2557,เขตสุขภาพที่ 11,พังงา,745
838,2557,เขตสุขภาพที่ 11,ภูเก็ต,716
839,2557,เขตสุขภาพที่ 11,ระนอง,1090
840,2557,เขตสุขภาพที่ 11,สุราษฎร์ธานี,474
841,2557,เขตสุขภาพที่ 12,ตรัง,1088
842,2557,เขตสุขภาพที่ 12,นราธิวาส,1411
843,2557,เขตสุขภาพที่ 12,ปัตตานี,2011
844,2557,เขตสุขภาพที่ 12,พัทลุง,1542
845,2557,เขตสุขภาพที่ 12,ยะลา,1656
846,2557,เขตสุขภาพที่ 12,สงขลา,4486
847,2557,เขตสุขภาพที่ 12,สตูล,756
848,2556,เขตสุขภาพที่ 13,กรุงเทพมหานคร,23680
849,2556,เขตสุขภาพที่ 1,เชียงราย,1482
850,2556,เขตสุขภาพที่ 1,น่าน,936
851,2556,เขตสุขภาพที่ 1,พะเยา,1071
852,2556,เขตสุขภาพที่ 1,แพร่,923
853,2556,เขตสุขภาพที่ 1,เชียงใหม่,5181
854,2556,เขตสุขภาพที่ 1,แม่ฮ่องสอน,451
855,2556,เขตสุขภาพที่ 1,ลำปาง,1645
856,2556,เขตสุขภาพที่ 1,ลำพูน,775
857,2556,เขตสุขภาพที่ 2,ตาก,845
858,2556,เขตสุขภาพที่ 2,พิษณุโลก,1780
859,2556,เขตสุขภาพที่ 2,เพชรบูรณ์,1008
860,2556,เขตสุขภาพที่ 2,สุโขทัย,974
861,2556,เขตสุขภาพที่ 2,อุตรดิตถ์,874
862,2556,เขตสุขภาพที่ 3,ชัยนาท,690
863,2556,เขตสุขภาพที่ 3,กำแพงเพชร,788
864,2556,เขตสุขภาพที่ 3,พิจิตร,823
865,2556,เขตสุขภาพที่ 3,นครสวรรค์,1519
866,2556,เขตสุขภาพที่ 3,อุทัยธานี,604
867,2556,เขตสุขภาพที่ 4,นนทบุรี,2258
868,2556,เขตสุขภาพที่ 4,ปทุมธานี,1856
869,2556,เขตสุขภาพที่ 4,พระนครศรีอยุธยา,1501
870,2556,เขตสุขภาพที่ 4,สระบุรี,1674
871,2556,เขตสุขภาพที่ 4,ลพบุรี,1422
872,2556,เขตสุขภาพที่ 4,สิงห์บุรี,781
873,2556,เขตสุขภาพที่ 4,อ่างทอง,735
874,2556,เขตสุขภาพที่ 4,นครนายก,917
875,2556,เขตสุขภาพที่ 5,กาญจนบุรี,1148
876,2556,เขตสุขภาพที่ 5,นครปฐม,1461
877,2556,เขตสุขภาพที่ 5,ราชบุรี,1964
878,2556,เขตสุขภาพที่ 5,สุพรรณบุรี,1423
879,2556,เขตสุขภาพที่ 5,ประจวบคีรีขันธ์,761
880,2556,เขตสุขภาพที่ 5,เพชรบุรี,936
881,2556,เขตสุขภาพที่ 5,สมุทรสงคราม,503
882,2556,เขตสุขภาพที่ 5,สมุทรสาคร,985
883,2556,เขตสุขภาพที่ 6,ฉะเชิงเทรา,1142
884,2556,เขตสุขภาพที่ 6,ปราจีนบุรี,902
885,2556,เขตสุขภาพที่ 6,สระแก้ว,743
886,2556,เขตสุขภาพที่ 6,สมุทรปราการ,1161
887,2556,เขตสุขภาพที่ 6,จันทบุรี,1473
888,2556,เขตสุขภาพที่ 6,ชลบุรี,4278
889,2556,เขตสุขภาพที่ 6,ตราด,650
890,2556,เขตสุขภาพที่ 6,ระยอง,1432
891,2556,เขตสุขภาพที่ 7,กาฬสินธุ์,1401
892,2556,เขตสุขภาพที่ 7,ขอนแก่น,4977
893,2556,เขตสุขภาพที่ 7,มหาสารคาม,1409
894,2556,เขตสุขภาพที่ 7,ร้อยเอ็ด,1830
895,2556,เขตสุขภาพที่ 8,บึงกาฬ,359
896,2556,เขตสุขภาพที่ 8,เลย,1078
897,2556,เขตสุขภาพที่ 8,หนองคาย,793
898,2556,เขตสุขภาพที่ 8,หนองบัวลำภู,560
899,2556,เขตสุขภาพที่ 8,อุดรธานี,2279
900,2556,เขตสุขภาพที่ 8,นครพนม,1106
901,2556,เขตสุขภาพที่ 8,สกลนคร,1564
902,2556,เขตสุขภาพที่ 9,ชัยภูมิ,1501
903,2556,เขตสุขภาพที่ 9,นครราชสีมา,3843
904,2556,เขตสุขภาพที่ 9,บุรีรัมย์,1962
905,2556,เขตสุขภาพที่ 9,สุรินทร์,1651
906,2556,เขตสุขภาพที่ 10,มุกดาหาร,614
907,2556,เขตสุขภาพที่ 10,ยโสธร,858
908,2556,เขตสุขภาพที่ 10,ศรีสะเกษ,1785
909,2556,เขตสุขภาพที่ 10,อุบลราชธานี,3514
910,2556,เขตสุขภาพที่ 10,อำนาจเจริญ,587
911,2556,เขตสุขภาพที่ 11,ชุมพร,851
912,2556,เขตสุขภาพที่ 11,นครศรีธรรมราช,2167
913,2556,เขตสุขภาพที่ 11,สุราษฎร์ธานี,2039
914,2556,เขตสุขภาพที่ 11,กระบี่,584
915,2556,เขตสุขภาพที่ 11,พังงา,650
916,2556,เขตสุขภาพที่ 11,ภูเก็ต,927
917,2556,เขตสุขภาพที่ 11,ระนอง,440
918,2556,เขตสุขภาพที่ 12,พัทลุง,948
919,2556,เขตสุขภาพที่ 12,ตรัง,1137
920,2556,เขตสุขภาพที่ 12,นราธิวาส,1888
921,2556,เขตสุขภาพที่ 12,ปัตตานี,1507
922,2556,เขตสุขภาพที่ 12,ยะลา,1537
923,2556,เขตสุขภาพที่ 12,สงขลา,4185
924,2556,เขตสุขภาพที่ 12,สตูล,663
925,2555,เขตสุขภาพที่ 13,กรุงเทพมหานคร,23752
926,2555,เขตสุขภาพที่ 1,เชียงราย,1946
927,2555,เขตสุขภาพที่ 1,น่าน,1080
928,2555,เขตสุขภาพที่ 1,พะเยา,1209
929,2555,เขตสุขภาพที่ 1,แพร่,881
930,2555,เขตสุขภาพที่ 1,เชียงใหม่,5215
931,2555,เขตสุขภาพที่ 1,แม่ฮ่องสอน,444
932,2555,เขตสุขภาพที่ 1,ลำปาง,1871
933,2555,เขตสุขภาพที่ 1,ลำพูน,745
934,2555,เขตสุขภาพที่ 2,ตาก,848
935,2555,เขตสุขภาพที่ 2,พิษณุโลก,2109
936,2555,เขตสุขภาพที่ 2,เพชรบูรณ์,1126
937,2555,เขตสุขภาพที่ 2,สุโขทัย,1016
938,2555,เขตสุขภาพที่ 2,อุตรดิตถ์,887
939,2555,เขตสุขภาพที่ 3,ชัยนาท,739
940,2555,เขตสุขภาพที่ 3,กำแพงเพชร,944
941,2555,เขตสุขภาพที่ 3,พิจิตร,827
942,2555,เขตสุขภาพที่ 3,นครสวรรค์,1697
943,2555,เขตสุขภาพที่ 3,อุทัยธานี,630
944,2555,เขตสุขภาพที่ 4,นนทบุรี,2344
945,2555,เขตสุขภาพที่ 4,ปทุมธานี,1838
946,2555,เขตสุขภาพที่ 4,พระนครศรีอยุธยา,1367
947,2555,เขตสุขภาพที่ 4,สระบุรี,1671
948,2555,เขตสุขภาพที่ 4,ลพบุรี,1554
949,2555,เขตสุขภาพที่ 4,สิงห์บุรี,778
950,2555,เขตสุขภาพที่ 4,อ่างทอง,711
951,2555,เขตสุขภาพที่ 4,นครนายก,890
952,2555,เขตสุขภาพที่ 5,กาญจนบุรี,1149
953,2555,เขตสุขภาพที่ 5,นครปฐม,1611
954,2555,เขตสุขภาพที่ 5,ราชบุรี,2014
955,2555,เขตสุขภาพที่ 5,สุพรรณบุรี,1585
956,2555,เขตสุขภาพที่ 5,ประจวบคีรีขันธ์,759
957,2555,เขตสุขภาพที่ 5,เพชรบุรี,1020
958,2555,เขตสุขภาพที่ 5,สมุทรสงคราม,487
959,2555,เขตสุขภาพที่ 5,สมุทรสาคร,1110
960,2555,เขตสุขภาพที่ 6,ฉะเชิงเทรา,1208
961,2555,เขตสุขภาพที่ 6,ปราจีนบุรี,836
962,2555,เขตสุขภาพที่ 6,สระแก้ว,575
963,2555,เขตสุขภาพที่ 6,สมุทรปราการ,1614
964,2555,เขตสุขภาพที่ 6,จันทบุรี,1364
965,2555,เขตสุขภาพที่ 6,ชลบุรี,4128
966,2555,เขตสุขภาพที่ 6,ตราด,654
967,2555,เขตสุขภาพที่ 6,ระยอง,1302
968,2555,เขตสุขภาพที่ 7,กาฬสินธุ์,1011
969,2555,เขตสุขภาพที่ 7,ขอนแก่น,3754
970,2555,เขตสุขภาพที่ 7,มหาสารคาม,1308
971,2555,เขตสุขภาพที่ 7,ร้อยเอ็ด,1335
972,2555,เขตสุขภาพที่ 8,บึงกาฬ,501
973,2555,เขตสุขภาพที่ 8,เลย,920
974,2555,เขตสุขภาพที่ 8,หนองคาย,747
975,2555,เขตสุขภาพที่ 8,หนองบัวลำภู,473
976,2555,เขตสุขภาพที่ 8,อุดรธานี,2074
977,2555,เขตสุขภาพที่ 8,นครพนม,944
978,2555,เขตสุขภาพที่ 8,สกลนคร,1342
979,2555,เขตสุขภาพที่ 9,ชัยภูมิ,1467
980,2555,เขตสุขภาพที่ 9,นครราชสีมา,3401
981,2555,เขตสุขภาพที่ 9,บุรีรัมย์,1847
982,2555,เขตสุขภาพที่ 9,สุรินทร์,1526
983,2555,เขตสุขภาพที่ 10,มุกดาหาร,546
984,2555,เขตสุขภาพที่ 10,ยโสธร,735
985,2555,เขตสุขภาพที่ 10,ศรีสะเกษ,1585
986,2555,เขตสุขภาพที่ 10,อุบลราชธานี,2424
987,2555,เขตสุขภาพที่ 10,อำนาจเจริญ,503
988,2555,เขตสุขภาพที่ 11,ชุมพร,923
989,2555,เขตสุขภาพที่ 11,นครศรีธรรมราช,2317
990,2555,เขตสุขภาพที่ 11,สุราษฎร์ธานี,2130
991,2555,เขตสุขภาพที่ 11,กระบี่,597
992,2555,เขตสุขภาพที่ 11,พังงา,679
993,2555,เขตสุขภาพที่ 11,ภูเก็ต,1132
994,2555,เขตสุขภาพที่ 11,ระนอง,446
995,2555,เขตสุขภาพที่ 12,พัทลุง,1040
996,2555,เขตสุขภาพที่ 12,ตรัง,1212
997,2555,เขตสุขภาพที่ 12,นราธิวาส,1247
998,2555,เขตสุขภาพที่ 12,ปัตตานี,855
999,2555,เขตสุขภาพที่ 12,ยะลา,1357
1000,2555,เขตสุขภาพที่ 12,สงขลา,3987
1001,2555,เขตสุขภาพที่ 12,สตูล,683
1002,2554,เขตสุขภาพที่ 13,กรุงเทพมหานคร,22133
1003,2554,เขตสุขภาพที่ 1,เชียงราย,1963
1004,2554,เขตสุขภาพที่ 1,น่าน,1064
1005,2554,เขตสุขภาพที่ 1,พะเยา,1151
1006,2554,เขตสุขภาพที่ 1,แพร่,976
1007,2554,เขตสุขภาพที่ 1,เชียงใหม่,5170
1008,2554,เขตสุขภาพที่ 1,แม่ฮ่องสอน,452
1009,2554,เขตสุขภาพที่ 1,ลำปาง,1746
1010,2554,เขตสุขภาพที่ 1,ลำพูน,823
1011,2554,เขตสุขภาพที่ 2,ตาก,942
1012,2554,เขตสุขภาพที่ 2,พิษณุโลก,2073
1013,2554,เขตสุขภาพที่ 2,เพชรบูรณ์,1131
1014,2554,เขตสุขภาพที่ 2,สุโขทัย,1034
1015,2554,เขตสุขภาพที่ 2,อุตรดิตถ์,970
1016,2554,เขตสุขภาพที่ 3,ชัยนาท,696
1017,2554,เขตสุขภาพที่ 3,กำแพงเพชร,825
1018,2554,เขตสุขภาพที่ 3,พิจิตร,824
1019,2554,เขตสุขภาพที่ 3,นครสวรรค์,1780
1020,2554,เขตสุขภาพที่ 3,อุทัยธานี,620
1021,2554,เขตสุขภาพที่ 4,นนทบุรี,2054
1022,2554,เขตสุขภาพที่ 4,ปทุมธานี,1648
1023,2554,เขตสุขภาพที่ 4,พระนครศรีอยุธยา,1387
1024,2554,เขตสุขภาพที่ 4,สระบุรี,1691
1025,2554,เขตสุขภาพที่ 4,ลพบุรี,1443
1026,2554,เขตสุขภาพที่ 4,สิงห์บุรี,780
1027,2554,เขตสุขภาพที่ 4,อ่างทอง,644
1028,2554,เขตสุขภาพที่ 4,นครนายก,892
1029,2554,เขตสุขภาพที่ 5,กาญจนบุรี,1196
1030,2554,เขตสุขภาพที่ 5,นครปฐม,1534
1031,2554,เขตสุขภาพที่ 5,ราชบุรี,2028
1032,2554,เขตสุขภาพที่ 5,สุพรรณบุรี,1585
1033,2554,เขตสุขภาพที่ 5,ประจวบคีรีขันธ์,895
1034,2554,เขตสุขภาพที่ 5,เพชรบุรี,1044
1035,2554,เขตสุขภาพที่ 5,สมุทรสงคราม,496
1036,2554,เขตสุขภาพที่ 5,สมุทรสาคร,1178
1037,2554,เขตสุขภาพที่ 6,ฉะเชิงเทรา,1081
1038,2554,เขตสุขภาพที่ 6,ปราจีนบุรี,837
1039,2554,เขตสุขภาพที่ 6,สระแก้ว,640
1040,2554,เขตสุขภาพที่ 6,สมุทรปราการ,1565
1041,2554,เขตสุขภาพที่ 6,จันทบุรี,1414
1042,2554,เขตสุขภาพที่ 6,ชลบุรี,3900
1043,2554,เขตสุขภาพที่ 6,ตราด,665
1044,2554,เขตสุขภาพที่ 6,ระยอง,1310
1045,2554,เขตสุขภาพที่ 7,กาฬสินธุ์,1216
1046,2554,เขตสุขภาพที่ 7,ขอนแก่น,3980
1047,2554,เขตสุขภาพที่ 7,มหาสารคาม,1402
1048,2554,เขตสุขภาพที่ 7,ร้อยเอ็ด,1624
1049,2554,เขตสุขภาพที่ 8,บึงกาฬ,435
1050,2554,เขตสุขภาพที่ 8,เลย,926
1051,2554,เขตสุขภาพที่ 8,หนองคาย,746
1052,2554,เขตสุขภาพที่ 8,หนองบัวลำภู,450
1053,2554,เขตสุขภาพที่ 8,อุดรธานี,2058
1054,2554,เขตสุขภาพที่ 8,นครพนม,943
1055,2554,เขตสุขภาพที่ 8,สกลนคร,1425
1056,2554,เขตสุขภาพที่ 9,ชัยภูมิ,1312
1057,2554,เขตสุขภาพที่ 9,นครราชสีมา,3608
1058,2554,เขตสุขภาพที่ 9,บุรีรัมย์,1900
1059,2554,เขตสุขภาพที่ 9,สุรินทร์,1559
1060,2554,เขตสุขภาพที่ 10,มุกดาหาร,545
1061,2554,เขตสุขภาพที่ 10,ยโสธร,804
1062,2554,เขตสุขภาพที่ 10,ศรีสะเกษ,1544
1063,2554,เขตสุขภาพที่ 10,อุบลราชธานี,3433
1064,2554,เขตสุขภาพที่ 10,อำนาจเจริญ,526
1065,2554,เขตสุขภาพที่ 11,ชุมพร,909
1066,2554,เขตสุขภาพที่ 11,นครศรีธรรมราช,2339
1067,2554,เขตสุขภาพที่ 11,สุราษฎร์ธานี,2308
1068,2554,เขตสุขภาพที่ 11,กระบี่,647
1069,2554,เขตสุขภาพที่ 11,พังงา,679
1070,2554,เขตสุขภาพที่ 11,ภูเก็ต,1108
1071,2554,เขตสุขภาพที่ 11,ระนอง,458
1072,2554,เขตสุขภาพที่ 12,พัทลุง,1043
1073,2554,เขตสุขภาพที่ 12,ตรัง,1228
1074,2554,เขตสุขภาพที่ 12,นราธิวาส,1194
1075,2554,เขตสุขภาพที่ 12,ปัตตานี,861
1076,2554,เขตสุขภาพที่ 12,ยะลา,1349
1077,2554,เขตสุขภาพที่ 12,สงขลา,4006
1078,2554,เขตสุขภาพที่ 12,สตูล,671
