,Year,Province,total
0,2554,amnatcharoen,526
1,2554,angthong,644
2,2554,buengkan,435
3,2554,buriram,1900
4,2554,chachoengthrao,1081
5,2554,chainat,696
6,2554,chaiyaphum,1312
7,2554,chanthaburi,1414
8,2554,chiangmai,5170
9,2554,chiangrai,1963
10,2554,chonburi,3900
11,2554,chumphon,909
12,2554,kalasin,1216
13,2554,kamphaengphet,825
14,2554,kanchanaburi,1196
15,2554,khonkaen,3980
16,2554,krabi,647
17,2554,krungthepmahanakhon,22133
18,2554,lampang,1746
19,2554,lamphun,823
20,2554,loei,926
21,2554,lopburi,1443
22,2554,maehongson,452
23,2554,mahasarakham,1402
24,2554,mukdahan,545
25,2554,nakhonnayok,892
26,2554,nakhonpathom,1534
27,2554,nakhonphanom,943
28,2554,nakhonratchasima,3608
29,2554,nakhonsawan,1780
30,2554,nakhonsithammarat,2339
31,2554,nan,1064
32,2554,narathiwat,1194
33,2554,nongbualamphu,450
34,2554,nongkhai,746
35,2554,nonthaburi,2054
36,2554,pathumthani,1648
37,2554,pattani,861
38,2554,phangnga,679
39,2554,phatthalung,1043
40,2554,phayao,1151
41,2554,phetchabun,1131
42,2554,phetchaburi,1044
43,2554,phichit,824
44,2554,phitsanulok,2073
45,2554,phrae,976
46,2554,phranakhonsi-ayutthaya,1387
47,2554,phuket,1108
48,2554,prachinburi,837
49,2554,prachuapkhirikhan,895
50,2554,ranong,458
51,2554,ratchaburi,2028
52,2554,rayong,1310
53,2554,roi-et,1624
54,2554,sakaeo,640
55,2554,sakonnakhon,1425
56,2554,samutprakan,1565
57,2554,samutsakhon,1178
58,2554,samutsongkhram,496
59,2554,saraburi,1691
60,2554,satun,671
61,2554,singburi,780
62,2554,sisaket,1544
63,2554,songkhla,4006
64,2554,sukhothai,1034
65,2554,suphanburi,1585
66,2554,suratthani,2308
67,2554,surin,1559
68,2554,tak,942
69,2554,trang,1228
70,2554,trat,665
71,2554,ubonratchathani,3433
72,2554,udonthani,2058
73,2554,uthaithani,620
74,2554,utradit,970
75,2554,yala,1349
76,2554,yasothon,804
77,2555,amnatcharoen,503
78,2555,angthong,711
79,2555,buengkan,501
80,2555,buriram,1847
81,2555,chachoengthrao,1208
82,2555,chainat,739
83,2555,chaiyaphum,1467
84,2555,chanthaburi,1364
85,2555,chiangmai,5215
86,2555,chiangrai,1946
87,2555,chonburi,4128
88,2555,chumphon,923
89,2555,kalasin,1011
90,2555,kamphaengphet,944
91,2555,kanchanaburi,1149
92,2555,khonkaen,3754
93,2555,krabi,597
94,2555,krungthepmahanakhon,23752
95,2555,lampang,1871
96,2555,lamphun,745
97,2555,loei,920
98,2555,lopburi,1554
99,2555,maehongson,444
100,2555,mahasarakham,1308
101,2555,mukdahan,546
102,2555,nakhonnayok,890
103,2555,nakhonpathom,1611
104,2555,nakhonphanom,944
105,2555,nakhonratchasima,3401
106,2555,nakhonsawan,1697
107,2555,nakhonsithammarat,2317
108,2555,nan,1080
109,2555,narathiwat,1247
110,2555,nongbualamphu,473
111,2555,nongkhai,747
112,2555,nonthaburi,2344
113,2555,pathumthani,1838
114,2555,pattani,855
115,2555,phangnga,679
116,2555,phatthalung,1040
117,2555,phayao,1209
118,2555,phetchabun,1126
119,2555,phetchaburi,1020
120,2555,phichit,827
121,2555,phitsanulok,2109
122,2555,phrae,881
123,2555,phranakhonsi-ayutthaya,1367
124,2555,phuket,1132
125,2555,prachinburi,836
126,2555,prachuapkhirikhan,759
127,2555,ranong,446
128,2555,ratchaburi,2014
129,2555,rayong,1302
130,2555,roi-et,1335
131,2555,sakaeo,575
132,2555,sakonnakhon,1342
133,2555,samutprakan,1614
134,2555,samutsakhon,1110
135,2555,samutsongkhram,487
136,2555,saraburi,1671
137,2555,satun,683
138,2555,singburi,778
139,2555,sisaket,1585
140,2555,songkhla,3987
141,2555,sukhothai,1016
142,2555,suphanburi,1585
143,2555,suratthani,2130
144,2555,surin,1526
145,2555,tak,848
146,2555,trang,1212
147,2555,trat,654
148,2555,ubonratchathani,2424
149,2555,udonthani,2074
150,2555,uthaithani,630
151,2555,utradit,887
152,2555,yala,1357
153,2555,yasothon,735
154,2556,amnatcharoen,587
155,2556,angthong,735
156,2556,buengkan,359
157,2556,buriram,1962
158,2556,chachoengthrao,1142
159,2556,chainat,690
160,2556,chaiyaphum,1501
161,2556,chanthaburi,1473
162,2556,chiangmai,5181
163,2556,chiangrai,1482
164,2556,chonburi,4278
165,2556,chumphon,851
166,2556,kalasin,1401
167,2556,kamphaengphet,788
168,2556,kanchanaburi,1148
169,2556,khonkaen,4977
170,2556,krabi,584
171,2556,krungthepmahanakhon,23680
172,2556,lampang,1645
173,2556,lamphun,775
174,2556,loei,1078
175,2556,lopburi,1422
176,2556,maehongson,451
177,2556,mahasarakham,1409
178,2556,mukdahan,614
179,2556,nakhonnayok,917
180,2556,nakhonpathom,1461
181,2556,nakhonphanom,1106
182,2556,nakhonratchasima,3843
183,2556,nakhonsawan,1519
184,2556,nakhonsithammarat,2167
185,2556,nan,936
186,2556,narathiwat,1888
187,2556,nongbualamphu,560
188,2556,nongkhai,793
189,2556,nonthaburi,2258
190,2556,pathumthani,1856
191,2556,pattani,1507
192,2556,phangnga,650
193,2556,phatthalung,948
194,2556,phayao,1071
195,2556,phetchabun,1008
196,2556,phetchaburi,936
197,2556,phichit,823
198,2556,phitsanulok,1780
199,2556,phrae,923
200,2556,phranakhonsi-ayutthaya,1501
201,2556,phuket,927
202,2556,prachinburi,902
203,2556,prachuapkhirikhan,761
204,2556,ranong,440
205,2556,ratchaburi,1964
206,2556,rayong,1432
207,2556,roi-et,1830
208,2556,sakaeo,743
209,2556,sakonnakhon,1564
210,2556,samutprakan,1161
211,2556,samutsakhon,985
212,2556,samutsongkhram,503
213,2556,saraburi,1674
214,2556,satun,663
215,2556,singburi,781
216,2556,sisaket,1785
217,2556,songkhla,4185
218,2556,sukhothai,974
219,2556,suphanburi,1423
220,2556,suratthani,2039
221,2556,surin,1651
222,2556,tak,845
223,2556,trang,1137
224,2556,trat,650
225,2556,ubonratchathani,3514
226,2556,udonthani,2279
227,2556,uthaithani,604
228,2556,utradit,874
229,2556,yala,1537
230,2556,yasothon,858
231,2557,amnatcharoen,3675
232,2557,angthong,737
233,2557,buengkan,1152
234,2557,buriram,2223
235,2557,chachoengthrao,1270
236,2557,chainat,1043
237,2557,chaiyaphum,1657
238,2557,chanthaburi,1494
239,2557,chiangmai,1238
240,2557,chiangrai,2156
241,2557,chonburi,4336
242,2557,chumphon,2587
243,2557,kalasin,1502
244,2557,kamphaengphet,726
245,2557,kanchanaburi,1383
246,2557,khonkaen,5206
247,2557,krabi,1010
248,2557,krungthepmahanakhon,28088
249,2557,lampang,2043
250,2557,lamphun,940
251,2557,loei,851
252,2557,lopburi,1648
253,2557,maehongson,534
254,2557,mahasarakham,1606
255,2557,mukdahan,628
256,2557,nakhonnayok,931
257,2557,nakhonpathom,1812
258,2557,nakhonphanom,609
259,2557,nakhonratchasima,4529
260,2557,nakhonsawan,956
261,2557,nakhonsithammarat,2744
262,2557,nan,1297
263,2557,narathiwat,1411
264,2557,nongbualamphu,1189
265,2557,nongkhai,2576
266,2557,nonthaburi,2356
267,2557,pathumthani,1904
268,2557,pattani,2011
269,2557,phangnga,745
270,2557,phatthalung,1542
271,2557,phayao,1105
272,2557,phetchabun,1514
273,2557,phetchaburi,1715
274,2557,phichit,1759
275,2557,phitsanulok,2203
276,2557,phrae,5667
277,2557,phranakhonsi-ayutthaya,1556
278,2557,phuket,716
279,2557,prachinburi,1001
280,2557,prachuapkhirikhan,2131
281,2557,ranong,1090
282,2557,ratchaburi,986
283,2557,rayong,1524
284,2557,roi-et,1968
285,2557,sakaeo,764
286,2557,sakonnakhon,666
287,2557,samutprakan,1810
288,2557,samutsakhon,540
289,2557,samutsongkhram,1070
290,2557,saraburi,1566
291,2557,satun,756
292,2557,singburi,800
293,2557,sisaket,1842
294,2557,songkhla,4486
295,2557,sukhothai,1103
296,2557,suphanburi,1370
297,2557,suratthani,474
298,2557,surin,1879
299,2557,tak,1040
300,2557,trang,1088
301,2557,trat,683
302,2557,ubonratchathani,617
303,2557,udonthani,1720
304,2557,uthaithani,689
305,2557,utradit,1092
306,2557,yala,1656
307,2557,yasothon,922
308,2558,amnatcharoen,619
309,2558,angthong,717
310,2558,buengkan,539
311,2558,buriram,2231
312,2558,chachoengthrao,1257
313,2558,chainat,719
314,2558,chaiyaphum,1596
315,2558,chanthaburi,1566
316,2558,chiangmai,5516
317,2558,chiangrai,2240
318,2558,chonburi,4339
319,2558,chumphon,1034
320,2558,kalasin,1523
321,2558,kamphaengphet,991
322,2558,kanchanaburi,1361
323,2558,khonkaen,5220
324,2558,krabi,790
325,2558,krungthepmahanakhon,27558
326,2558,lampang,1982
327,2558,lamphun,943
328,2558,loei,1112
329,2558,lopburi,1577
330,2558,maehongson,510
331,2558,mahasarakham,1529
332,2558,mukdahan,644
333,2558,nakhonnayok,962
334,2558,nakhonpathom,1915
335,2558,nakhonphanom,1124
336,2558,nakhonratchasima,4511
337,2558,nakhonsawan,1835
338,2558,nakhonsithammarat,2594
339,2558,nan,1207
340,2558,narathiwat,2032
341,2558,nongbualamphu,626
342,2558,nongkhai,879
343,2558,nonthaburi,2567
344,2558,pathumthani,1881
345,2558,pattani,1843
346,2558,phangnga,706
347,2558,phatthalung,1101
348,2558,phayao,1237
349,2558,phetchabun,1362
350,2558,phetchaburi,1061
351,2558,phichit,946
352,2558,phitsanulok,2244
353,2558,phrae,1044
354,2558,phranakhonsi-ayutthaya,1535
355,2558,phuket,1150
356,2558,prachinburi,1112
357,2558,prachuapkhirikhan,969
358,2558,ranong,470
359,2558,ratchaburi,2161
360,2558,rayong,1568
361,2558,roi-et,1908
362,2558,sakaeo,756
363,2558,sakonnakhon,1665
364,2558,samutprakan,1792
365,2558,samutsakhon,1328
366,2558,samutsongkhram,537
367,2558,saraburi,1698
368,2558,satun,761
369,2558,singburi,777
370,2558,sisaket,1808
371,2558,songkhla,4498
372,2558,sukhothai,1102
373,2558,suphanburi,1706
374,2558,suratthani,2619
375,2558,surin,1839
376,2558,tak,1083
377,2558,trang,1439
378,2558,trat,662
379,2558,ubonratchathani,3514
380,2558,udonthani,2496
381,2558,uthaithani,674
382,2558,utradit,1066
383,2558,yala,1674
384,2558,yasothon,889
385,2559,amnatcharoen,616
386,2559,angthong,767
387,2559,buengkan,559
388,2559,buriram,2312
389,2559,chachoengthrao,1274
390,2559,chainat,710
391,2559,chaiyaphum,1678
392,2559,chanthaburi,1518
393,2559,chiangmai,5641
394,2559,chiangrai,2389
395,2559,chonburi,4550
396,2559,chumphon,1073
397,2559,kalasin,1513
398,2559,kamphaengphet,1018
399,2559,kanchanaburi,1447
400,2559,khonkaen,5227
401,2559,krabi,794
402,2559,krungthepmahanakhon,28905
403,2559,lampang,2030
404,2559,lamphun,972
405,2559,loei,1177
406,2559,lopburi,1565
407,2559,maehongson,516
408,2559,mahasarakham,1635
409,2559,mukdahan,646
410,2559,nakhonnayok,720
411,2559,nakhonpathom,1938
412,2559,nakhonphanom,1173
413,2559,nakhonratchasima,4436
414,2559,nakhonsawan,1874
415,2559,nakhonsithammarat,2655
416,2559,nan,1241
417,2559,narathiwat,2045
418,2559,nongbualamphu,638
419,2559,nongkhai,881
420,2559,nonthaburi,999
421,2559,pathumthani,2479
422,2559,pattani,1850
423,2559,phangnga,715
424,2559,phatthalung,1115
425,2559,phayao,1256
426,2559,phetchabun,1395
427,2559,phetchaburi,1078
428,2559,phichit,954
429,2559,phitsanulok,2483
430,2559,phrae,1093
431,2559,phranakhonsi-ayutthaya,2026
432,2559,phuket,1206
433,2559,prachinburi,1121
434,2559,prachuapkhirikhan,983
435,2559,ranong,467
436,2559,ratchaburi,2109
437,2559,rayong,1731
438,2559,roi-et,1983
439,2559,sakaeo,755
440,2559,sakonnakhon,1848
441,2559,samutprakan,1960
442,2559,samutsakhon,1396
443,2559,samutsongkhram,545
444,2559,saraburi,1567
445,2559,satun,741
446,2559,singburi,1698
447,2559,sisaket,1815
448,2559,songkhla,4795
449,2559,sukhothai,1116
450,2559,suphanburi,1724
451,2559,suratthani,2574
452,2559,surin,2031
453,2559,tak,1097
454,2559,trang,1449
455,2559,trat,641
456,2559,ubonratchathani,3634
457,2559,udonthani,2638
458,2559,uthaithani,673
459,2559,utradit,1104
460,2559,yala,1659
461,2559,yasothon,876
462,2560,amnatcharoen,642
463,2560,angthong,703
464,2560,buengkan,572
465,2560,buriram,2560
466,2560,chachoengthrao,1305
467,2560,chainat,711
468,2560,chaiyaphum,1720
469,2560,chanthaburi,1590
470,2560,chiangmai,5881
471,2560,chiangrai,2619
472,2560,chonburi,4764
473,2560,chumphon,1084
474,2560,kalasin,1501
475,2560,kamphaengphet,1069
476,2560,kanchanaburi,1497
477,2560,khonkaen,5240
478,2560,krabi,846
479,2560,krungthepmahanakhon,32497
480,2560,lampang,2005
481,2560,lamphun,978
482,2560,loei,1217
483,2560,lopburi,1599
484,2560,maehongson,548
485,2560,mahasarakham,1703
486,2560,mukdahan,702
487,2560,nakhonnayok,989
488,2560,nakhonpathom,1941
489,2560,nakhonphanom,1165
490,2560,nakhonratchasima,4893
491,2560,nakhonsawan,1832
492,2560,nakhonsithammarat,2679
493,2560,nan,1253
494,2560,narathiwat,2017
495,2560,nongbualamphu,671
496,2560,nongkhai,921
497,2560,nonthaburi,2752
498,2560,pathumthani,2082
499,2560,pattani,1838
500,2560,phangnga,707
501,2560,phatthalung,1112
502,2560,phayao,1258
503,2560,phetchabun,1468
504,2560,phetchaburi,1090
505,2560,phichit,978
506,2560,phitsanulok,2570
507,2560,phrae,1087
508,2560,phranakhonsi-ayutthaya,1604
509,2560,phuket,1286
510,2560,prachinburi,931
511,2560,prachuapkhirikhan,1022
512,2560,ranong,471
513,2560,ratchaburi,2154
514,2560,rayong,1834
515,2560,roi-et,2140
516,2560,sakaeo,739
517,2560,sakonnakhon,1952
518,2560,samutprakan,1976
519,2560,samutsakhon,1540
520,2560,samutsongkhram,528
521,2560,saraburi,1716
522,2560,satun,728
523,2560,singburi,746
524,2560,sisaket,1968
525,2560,songkhla,4768
526,2560,sukhothai,1130
527,2560,suphanburi,1750
528,2560,suratthani,2709
529,2560,surin,2192
530,2560,tak,1118
531,2560,trang,1479
532,2560,trat,633
533,2560,ubonratchathani,3918
534,2560,udonthani,2677
535,2560,uthaithani,680
536,2560,utradit,1120
537,2560,yala,1632
538,2560,yasothon,892
539,2561,amnatcharoen,648
540,2561,angthong,708
541,2561,buengkan,631
542,2561,buriram,2587
543,2561,chachoengthrao,1347
544,2561,chainat,774
545,2561,chaiyaphum,1686
546,2561,chanthaburi,1688
547,2561,chiangmai,5935
548,2561,chiangrai,2533
549,2561,chonburi,4534
550,2561,chumphon,1093
551,2561,kalasin,1763
552,2561,kamphaengphet,1136
553,2561,kanchanaburi,1487
554,2561,khonkaen,5563
555,2561,krabi,862
556,2561,krungthepmahanakhon,33204
557,2561,lampang,1990
558,2561,lamphun,961
559,2561,loei,1262
560,2561,lopburi,1621
561,2561,maehongson,517
562,2561,mahasarakham,1665
563,2561,mukdahan,760
564,2561,nakhonnayok,984
565,2561,nakhonpathom,1973
566,2561,nakhonphanom,1181
567,2561,nakhonratchasima,5358
568,2561,nakhonsawan,1911
569,2561,nakhonsithammarat,2817
570,2561,nan,1252
571,2561,narathiwat,2013
572,2561,nongbualamphu,673
573,2561,nongkhai,989
574,2561,nonthaburi,2923
575,2561,pathumthani,2213
576,2561,pattani,1854
577,2561,phangnga,725
578,2561,phatthalung,1124
579,2561,phayao,1193
580,2561,phetchabun,1496
581,2561,phetchaburi,1098
582,2561,phichit,976
583,2561,phitsanulok,2544
584,2561,phrae,1120
585,2561,phranakhonsi-ayutthaya,1583
586,2561,phuket,1543
587,2561,prachinburi,1059
588,2561,prachuapkhirikhan,1019
589,2561,ranong,469
590,2561,ratchaburi,2161
591,2561,rayong,1841
592,2561,roi-et,2195
593,2561,sakaeo,854
594,2561,sakonnakhon,2008
595,2561,samutprakan,2219
596,2561,samutsakhon,1759
597,2561,samutsongkhram,502
598,2561,saraburi,1788
599,2561,satun,776
600,2561,singburi,742
601,2561,sisaket,2127
602,2561,songkhla,4824
603,2561,sukhothai,1115
604,2561,suphanburi,1808
605,2561,suratthani,2710
606,2561,surin,2242
607,2561,tak,1160
608,2561,trang,1523
609,2561,trat,701
610,2561,ubonratchathani,4157
611,2561,udonthani,2737
612,2561,uthaithani,691
613,2561,utradit,1160
614,2561,yala,1691
615,2561,yasothon,953
616,2562,amnatcharoen,665
617,2562,angthong,712
618,2562,buengkan,623
619,2562,buriram,2753
620,2562,chachoengthrao,1514
621,2562,chainat,779
622,2562,chaiyaphum,1773
623,2562,chanthaburi,1801
624,2562,chiangmai,6347
625,2562,chiangrai,2684
626,2562,chonburi,5267
627,2562,chumphon,1157
628,2562,kalasin,1783
629,2562,kamphaengphet,1155
630,2562,kanchanaburi,1674
631,2562,khonkaen,5470
632,2562,krabi,878
633,2562,krungthepmahanakhon,34825
634,2562,lampang,2055
635,2562,lamphun,992
636,2562,loei,1282
637,2562,lopburi,1658
638,2562,maehongson,547
639,2562,mahasarakham,1733
640,2562,mukdahan,751
641,2562,nakhonnayok,976
642,2562,nakhonpathom,2096
643,2562,nakhonphanom,1202
644,2562,nakhonratchasima,5729
645,2562,nakhonsawan,2115
646,2562,nakhonsithammarat,2974
647,2562,nan,1258
648,2562,narathiwat,1996
649,2562,nongbualamphu,689
650,2562,nongkhai,1005
651,2562,nonthaburi,2936
652,2562,pathumthani,2248
653,2562,pattani,1835
654,2562,phangnga,742
655,2562,phatthalung,1129
656,2562,phayao,1214
657,2562,phetchabun,1583
658,2562,phetchaburi,1109
659,2562,phichit,996
660,2562,phitsanulok,2628
661,2562,phrae,1092
662,2562,phranakhonsi-ayutthaya,1823
663,2562,phuket,1583
664,2562,prachinburi,1057
665,2562,prachuapkhirikhan,1062
666,2562,ranong,497
667,2562,ratchaburi,2230
668,2562,rayong,1970
669,2562,roi-et,2213
670,2562,sakaeo,973
671,2562,sakonnakhon,2047
672,2562,samutprakan,2880
673,2562,samutsakhon,1882
674,2562,samutsongkhram,522
675,2562,saraburi,1866
676,2562,satun,772
677,2562,singburi,728
678,2562,sisaket,2160
679,2562,songkhla,4788
680,2562,sukhothai,1108
681,2562,suphanburi,1905
682,2562,suratthani,3004
683,2562,surin,2390
684,2562,tak,1229
685,2562,trang,1610
686,2562,trat,708
687,2562,ubonratchathani,4290
688,2562,udonthani,2749
689,2562,uthaithani,717
690,2562,utradit,1175
691,2562,yala,1592
692,2562,yasothon,977
693,2563,amnatcharoen,658
694,2563,angthong,702
695,2563,buengkan,642
696,2563,buriram,2784
697,2563,chachoengthrao,1578
698,2563,chainat,771
699,2563,chaiyaphum,1745
700,2563,chanthaburi,1812
701,2563,chiangmai,6457
702,2563,chiangrai,2722
703,2563,chonburi,5338
704,2563,chumphon,1177
705,2563,kalasin,1804
706,2563,kamphaengphet,1145
707,2563,kanchanaburi,1683
708,2563,khonkaen,5461
709,2563,krabi,923
710,2563,krungthepmahanakhon,37405
711,2563,lampang,2075
712,2563,lamphun,953
713,2563,loei,1293
714,2563,lopburi,1681
715,2563,maehongson,537
716,2563,mahasarakham,1788
717,2563,mukdahan,758
718,2563,nakhonnayok,949
719,2563,nakhonpathom,2160
720,2563,nakhonphanom,1220
721,2563,nakhonratchasima,5607
722,2563,nakhonsawan,2078
723,2563,nakhonsithammarat,2996
724,2563,nan,1236
725,2563,narathiwat,1981
726,2563,nongbualamphu,699
727,2563,nongkhai,1029
728,2563,nonthaburi,3073
729,2563,pathumthani,2230
730,2563,pattani,1816
731,2563,phangnga,724
732,2563,phatthalung,1137
733,2563,phayao,1206
734,2563,phetchabun,1583
735,2563,phetchaburi,1102
736,2563,phichit,1004
737,2563,phitsanulok,2649
738,2563,phrae,1094
739,2563,phranakhonsi-ayutthaya,1752
740,2563,phuket,1597
741,2563,prachinburi,1048
742,2563,prachuapkhirikhan,1069
743,2563,ranong,489
744,2563,ratchaburi,2151
745,2563,rayong,1922
746,2563,roi-et,2260
747,2563,sakaeo,972
748,2563,sakonnakhon,2140
749,2563,samutprakan,2911
750,2563,samutsakhon,1892
751,2563,samutsongkhram,507
752,2563,saraburi,1875
753,2563,satun,767
754,2563,singburi,718
755,2563,sisaket,2171
756,2563,songkhla,4696
757,2563,sukhothai,1094
758,2563,suphanburi,1898
759,2563,suratthani,3038
760,2563,surin,2371
761,2563,tak,1242
762,2563,trang,1611
763,2563,trat,697
764,2563,ubonratchathani,4382
765,2563,udonthani,3097
766,2563,uthaithani,705
767,2563,utradit,1174
768,2563,yala,1564
769,2563,yasothon,960
770,2564,amnatcharoen,668
771,2564,angthong,714
772,2564,buengkan,677
773,2564,buriram,3071
774,2564,chachoengthrao,1700
775,2564,chainat,787
776,2564,chaiyaphum,1996
777,2564,chanthaburi,1898
778,2564,chiangmai,6673
779,2564,chiangrai,2845
780,2564,chonburi,6161
781,2564,chumphon,1248
782,2564,kalasin,1893
783,2564,kamphaengphet,1190
784,2564,kanchanaburi,1803
785,2564,khonkaen,5741
786,2564,krabi,1044
787,2564,krungthepmahanakhon,37678
788,2564,lampang,2112
789,2564,lamphun,1030
790,2564,loei,1351
791,2564,lopburi,1703
792,2564,maehongson,553
793,2564,mahasarakham,1893
794,2564,mukdahan,785
795,2564,nakhonnayok,1018
796,2564,nakhonpathom,2296
797,2564,nakhonphanom,1281
798,2564,nakhonratchasima,6394
799,2564,nakhonsawan,2286
800,2564,nakhonsithammarat,3175
801,2564,nan,1283
802,2564,narathiwat,1967
803,2564,nongbualamphu,703
804,2564,nongkhai,1085
805,2564,nonthaburi,3267
806,2564,pathumthani,2513
807,2564,pattani,1825
808,2564,phangnga,755
809,2564,phatthalung,1162
810,2564,phayao,1182
811,2564,phetchabun,1667
812,2564,phetchaburi,1098
813,2564,phichit,1036
814,2564,phitsanulok,2700
815,2564,phrae,1119
816,2564,phranakhonsi-ayutthaya,1822
817,2564,phuket,1569
818,2564,prachinburi,1133
819,2564,prachuapkhirikhan,1135
820,2564,ranong,514
821,2564,ratchaburi,2355
822,2564,rayong,1971
823,2564,roi-et,2418
824,2564,sakaeo,1069
825,2564,sakonnakhon,2405
826,2564,samutprakan,3026
827,2564,samutsakhon,2002
828,2564,samutsongkhram,494
829,2564,saraburi,1923
830,2564,satun,780
831,2564,singburi,709
832,2564,sisaket,2477
833,2564,songkhla,4803
834,2564,sukhothai,1097
835,2564,suphanburi,1979
836,2564,suratthani,3259
837,2564,surin,2563
838,2564,tak,1372
839,2564,trang,1680
840,2564,trat,695
841,2564,ubonratchathani,4581
842,2564,udonthani,3339
843,2564,uthaithani,749
844,2564,utradit,1299
845,2564,yala,1572
846,2564,yasothon,976
847,2565,amnatcharoen,683
848,2565,angthong,709
849,2565,buengkan,692
850,2565,buriram,3078
851,2565,chachoengthrao,1731
852,2565,chainat,781
853,2565,chaiyaphum,1975
854,2565,chanthaburi,1922
855,2565,chiangmai,6950
856,2565,chiangrai,2987
857,2565,chonburi,6691
858,2565,chumphon,1252
859,2565,kalasin,1908
860,2565,kamphaengphet,1241
861,2565,kanchanaburi,1788
862,2565,khonkaen,6599
863,2565,krabi,1048
864,2565,krungthepmahanakhon,37846
865,2565,lampang,2095
866,2565,lamphun,1033
867,2565,loei,1400
868,2565,lopburi,1689
869,2565,maehongson,561
870,2565,mahasarakham,1944
871,2565,mukdahan,803
872,2565,nakhonnayok,1063
873,2565,nakhonpathom,2396
874,2565,nakhonphanom,1323
875,2565,nakhonratchasima,6669
876,2565,nakhonsawan,2399
877,2565,nakhonsithammarat,3258
878,2565,nan,1319
879,2565,narathiwat,1965
880,2565,nongbualamphu,714
881,2565,nongkhai,1081
882,2565,nonthaburi,3320
883,2565,pathumthani,3360
884,2565,pattani,1854
885,2565,phangnga,774
886,2565,phatthalung,1175
887,2565,phayao,1224
888,2565,phetchabun,1704
889,2565,phetchaburi,1185
890,2565,phichit,1050
891,2565,phitsanulok,2830
892,2565,phrae,1114
893,2565,phranakhonsi-ayutthaya,1985
894,2565,phuket,1565
895,2565,prachinburi,1119
896,2565,prachuapkhirikhan,1134
897,2565,ranong,520
898,2565,ratchaburi,2424
899,2565,rayong,2023
900,2565,roi-et,2403
901,2565,sakaeo,1127
902,2565,sakonnakhon,2423
903,2565,samutprakan,3271
904,2565,samutsakhon,2091
905,2565,samutsongkhram,500
906,2565,saraburi,1933
907,2565,satun,780
908,2565,singburi,707
909,2565,sisaket,2557
910,2565,songkhla,4868
911,2565,sukhothai,1100
912,2565,suphanburi,1981
913,2565,suratthani,3278
914,2565,surin,2591
915,2565,tak,1400
916,2565,trang,1696
917,2565,trat,697
918,2565,ubonratchathani,4628
919,2565,udonthani,3454
920,2565,uthaithani,768
921,2565,utradit,1330
922,2565,yala,1565
923,2565,yasothon,1022
924,2566,amnatcharoen,711
925,2566,angthong,707
926,2566,buengkan,708
927,2566,buriram,3101
928,2566,chachoengthrao,1768
929,2566,chainat,780
930,2566,chaiyaphum,2016
931,2566,chanthaburi,1952
932,2566,chiangmai,7023
933,2566,chiangrai,2988
934,2566,chonburi,6510
935,2566,chumphon,1275
936,2566,kalasin,1962
937,2566,kamphaengphet,1259
938,2566,kanchanaburi,1828
939,2566,khonkaen,6663
940,2566,krabi,1047
941,2566,krungthepmahanakhon,40206
942,2566,lampang,2041
943,2566,lamphun,1036
944,2566,loei,1452
945,2566,lopburi,1705
946,2566,maehongson,571
947,2566,mahasarakham,1897
948,2566,mukdahan,822
949,2566,nakhonnayok,1093
950,2566,nakhonpathom,2601
951,2566,nakhonphanom,1314
952,2566,nakhonratchasima,6610
953,2566,nakhonsawan,2539
954,2566,nakhonsithammarat,3305
955,2566,nan,1354
956,2566,narathiwat,2002
957,2566,nongbualamphu,740
958,2566,nongkhai,1106
959,2566,nonthaburi,3314
960,2566,pathumthani,3538
961,2566,pattani,1850
962,2566,phangnga,766
963,2566,phatthalung,1222
964,2566,phayao,1222
965,2566,phetchabun,1791
966,2566,phetchaburi,1162
967,2566,phichit,1102
968,2566,phitsanulok,2854
969,2566,phrae,1150
970,2566,phranakhonsi-ayutthaya,1990
971,2566,phuket,1616
972,2566,prachinburi,1121
973,2566,prachuapkhirikhan,1135
974,2566,ranong,536
975,2566,ratchaburi,2333
976,2566,rayong,2180
977,2566,roi-et,2508
978,2566,sakaeo,1167
979,2566,sakonnakhon,2507
980,2566,samutprakan,3280
981,2566,samutsakhon,2101
982,2566,samutsongkhram,485
983,2566,saraburi,1893
984,2566,satun,795
985,2566,singburi,703
986,2566,sisaket,2673
987,2566,songkhla,4938
988,2566,sukhothai,1103
989,2566,suphanburi,2019
990,2566,suratthani,3388
991,2566,surin,2657
992,2566,tak,1449
993,2566,trang,1774
994,2566,trat,697
995,2566,ubonratchathani,4677
996,2566,udonthani,3503
997,2566,uthaithani,763
998,2566,utradit,1352
999,2566,yala,1620
1000,2566,yasothon,1059
1001,2567,amnatcharoen,705
1002,2567,angthong,712
1003,2567,buengkan,730
1004,2567,buriram,3140
1005,2567,chachoengthrao,1818
1006,2567,chainat,801
1007,2567,chaiyaphum,2004
1008,2567,chanthaburi,2018
1009,2567,chiangmai,6851
1010,2567,chiangrai,3142
1011,2567,chonburi,6663
1012,2567,chumphon,1331
1013,2567,kalasin,1975
1014,2567,kamphaengphet,1320
1015,2567,kanchanaburi,1883
1016,2567,khonkaen,6860
1017,2567,krabi,1081
1018,2567,krungthepmahanakhon,41766
1019,2567,lampang,2110
1020,2567,lamphun,1066
1021,2567,loei,1488
1022,2567,lopburi,1713
1023,2567,maehongson,573
1024,2567,mahasarakham,2048
1025,2567,mukdahan,834
1026,2567,nakhonnayok,1086
1027,2567,nakhonpathom,2657
1028,2567,nakhonphanom,1324
1029,2567,nakhonratchasima,6898
1030,2567,nakhonsawan,2501
1031,2567,nakhonsithammarat,3386
1032,2567,nan,1425
1033,2567,narathiwat,1812
1034,2567,nongbualamphu,744
1035,2567,nongkhai,1109
1036,2567,nonthaburi,3321
1037,2567,pathumthani,3817
1038,2567,pattani,1844
1039,2567,phangnga,772
1040,2567,phatthalung,1250
1041,2567,phayao,1329
1042,2567,phetchabun,1742
1043,2567,phetchaburi,1155
1044,2567,phichit,1075
1045,2567,phitsanulok,2934
1046,2567,phrae,1185
1047,2567,phranakhonsi-ayutthaya,2012
1048,2567,phuket,1709
1049,2567,prachinburi,1143
1050,2567,prachuapkhirikhan,1161
1051,2567,ranong,512
1052,2567,ratchaburi,2307
1053,2567,rayong,2254
1054,2567,roi-et,2580
1055,2567,sakaeo,1230
1056,2567,sakonnakhon,2472
1057,2567,samutprakan,3195
1058,2567,samutsakhon,2165
1059,2567,samutsongkhram,482
1060,2567,saraburi,1868
1061,2567,satun,808
1062,2567,singburi,703
1063,2567,sisaket,2696
1064,2567,songkhla,4936
1065,2567,sukhothai,1121
1066,2567,suphanburi,2053
1067,2567,suratthani,3393
1068,2567,surin,2709
1069,2567,tak,1514
1070,2567,trang,1818
1071,2567,trat,735
1072,2567,ubonratchathani,4927
1073,2567,udonthani,3519
1074,2567,uthaithani,755
1075,2567,utradit,1337
1076,2567,yala,1610
1077,2567,yasothon,1059
